date,precipitation,temp_max,temp_min,wind,weather
01-01-16,0,27,15.8,11.2,partly cloudy
02-01-16,0,27,15.6,13,clear
03-01-16,0,25,15.8,18.4,partly cloudy
04-01-16,0,26,15.7,14.8,partly cloudy
05-01-16,0,25.1,15.8,13,clear
06-01-16,0,25.6,16,11.2,clear
07-01-16,0,26,16,11.2,partly cloudy
08-01-16,0,26.1,15,11.2,partly cloudy
09-01-16,0,25,17,16.6,partly cloudy
10-01-16,0,24.1,17.8,9.4,partly cloudy
11-01-16,0,25,14.4,20.5,clear
12-01-16,0,25,14.7,14.8,clear
13-01-16,0,24,14.8,13,partly cloudy
14-01-16,0,25.1,14.7,13,partly cloudy
15-01-16,0,25.4,15,13,clear
16-01-16,0,26,15.5,18.4,clear
17-01-16,0,26.1,15.7,16.6,clear
18-01-16,0,26,14.8,11.2,clear
19-01-16,0,25,15.8,9.4,partly cloudy
20-01-16,0.3,22.1,16.7,18.4,rain
21-01-16,1.1,23,16,14.8,rain
22-01-16,0,21,14.9,22.3,partly cloudy
23-01-16,0,20.1,12,18.4,partly cloudy
24-01-16,0,22,12,14.8,clear
25-01-16,0,22.8,11,14.8,partly cloudy
26-01-16,0,23,10.9,14.8,partly cloudy
27-01-16,0,24.2,12,11.2,partly cloudy
28-01-16,0,25,14,18.4,partly cloudy
29-01-16,0,25,14,18.4,clear
30-01-16,0,24.1,14.5,14.8,clear
31-01-16,0,25.2,15.9,9.4,partly cloudy
01-02-16,0,27.6,17,13,partly cloudy
02-02-16,0,28.7,16,22.3,partly cloudy
03-02-16,0,27.1,18.4,14.8,partly cloudy
04-02-16,0,26.4,18,11.2,clear
05-02-16,0,27,15.2,14.8,clear
06-02-16,0,27,13.5,13,clear
07-02-16,0,27,15.7,9.4,partly cloudy
08-02-16,0,28.1,16.7,18.4,clear
09-02-16,2.1,27.1,19.9,13,rain
10-02-16,0,27.7,19.6,14.8,partly cloudy
11-02-16,0.1,27.1,18.9,13,rain
12-02-16,3.2,29.1,22,18.4,rain
13-02-16,0.6,28.8,20,11.2,rain
14-02-16,0,28,20,14.8,partly cloudy
15-02-16,0,29.8,20,11.2,partly cloudy
16-02-16,0,30.4,21.8,6,partly cloudy
17-02-16,0,31,20.8,18.4,clear
18-02-16,0,32,20.9,18.4,clear
19-02-16,0,33,22.7,22.3,clear
20-02-16,0,33,23.4,22.3,clear
21-02-16,0,33,24,18.4,clear
22-02-16,0,32,23.9,18.4,partly cloudy
23-02-16,0.5,32,22,18.4,rain
24-02-16,12.1,26,20,22.3,rain
25-02-16,28.8,28,22,13,rain
26-02-16,1,30,22,14.8,rain
27-02-16,2.2,31,23,14.8,rain
28-02-16,0,30.4,21.9,14.8,partly cloudy
29-02-16,0,31.6,21,14.8,partly cloudy
01-03-16,0,31.2,20.8,22.3,partly cloudy
02-03-16,0,32,22.1,14.8,partly cloudy
03-03-16,0,33,21.9,16.6,partly cloudy
04-03-16,0,32.7,23,16.6,partly cloudy
05-03-16,0,32.5,22.1,13,partly cloudy
06-03-16,0,32,21.8,64.8,wind
07-03-16,1.9,32.1,20,11.2,rain
08-03-16,0,32,23,13.5,partly cloudy
09-03-16,0,34.1,23.8,14.8,partly cloudy
10-03-16,0,33.1,25,14.8,partly cloudy
11-03-16,0,36,25,14.8,partly cloudy
12-03-16,0,35,24,22.3,partly cloudy
13-03-16,0,32,25,27.7,partly cloudy
14-03-16,0,33,22,25.9,partly cloudy
15-03-16,0,32.2,21.7,18.4,partly cloudy
16-03-16,0.1,32.1,23.6,22.3,rain
17-03-16,0,32.8,22.3,18.4,clear
18-03-16,0.2,33,20.4,14.8,rain
19-03-16,4.4,31,23,18.4,rain
20-03-16,2.8,31.1,24,14.8,rain
21-03-16,5.8,35,24.8,22.3,rain
22-03-16,6.1,35.9,25,18.4,rain
23-03-16,0,34,25,18.4,partly cloudy
24-03-16,0,35,22,18.4,clear
25-03-16,0,35.1,21.2,18.4,clear
26-03-16,0,35.1,24.4,18.4,partly cloudy
27-03-16,0,33,24.9,25.9,partly cloudy
28-03-16,9.4,28,22,22.3,rain
29-03-16,7.5,32.1,21,29.5,rain
30-03-16,1.6,33.2,22.4,27.7,rain
31-03-16,13.8,29.7,22,27.7,rain
01-04-16,22.3,26,19,33.5,rain
02-04-16,3.2,27,21,16.6,rain
03-04-16,7.2,31,22,22.3,rain
04-04-16,4.8,32.5,25,18.4,rain
05-04-16,0,30.4,26.8,37.1,cloudy
06-04-16,0.3,35,26,29.5,rain
07-04-16,0,35.1,27.7,27.7,partly cloudy
08-04-16,0,35.3,27.4,22.3,partly cloudy
09-04-16,0,34,27,22.3,partly cloudy
10-04-16,0,35,27,33.5,partly cloudy
11-04-16,0,37,27,24.1,partly cloudy
12-04-16,0,37,27.7,22.3,partly cloudy
13-04-16,0.4,37,28,29.5,rain
14-04-16,5.3,36,28,29.5,rain
15-04-16,8.8,34,28,27.7,rain
16-04-16,1.7,35.6,27,37.1,rain
17-04-16,0,35.2,28,27.7,partly cloudy
18-04-16,0,34,28,27.7,partly cloudy
19-04-16,0,36,28,25.9,partly cloudy
20-04-16,0,36,28,37.1,partly cloudy
21-04-16,0,35.3,28,37.1,partly cloudy
22-04-16,0,36.4,28.6,33.5,partly cloudy
23-04-16,0,37,29,29.5,partly cloudy
24-04-16,0,39,28.9,33.5,partly cloudy
25-04-16,0,36.4,28,25.9,partly cloudy
26-04-16,0,37,28,27.7,partly cloudy
27-04-16,0,36,28,33.5,partly cloudy
28-04-16,0,37,28.5,27.7,partly cloudy
29-04-16,0,37,27.5,22.3,partly cloudy
30-04-16,0,37,28.8,24.1,partly cloudy
01-05-16,3.6,36,26,74.2,rain
02-05-16,13.5,31.3,23,22.3,rain
03-05-16,12.2,32.1,22.6,14.8,rain
04-05-16,5.4,33,24,25.9,rain
05-05-16,0.9,36.2,26,25.9,rain
06-05-16,3.8,33,25,27.7,rain
07-05-16,6.3,31,24,33.5,rain
08-05-16,15.9,33.6,23.7,27.7,rain
09-05-16,10.4,34.5,26.4,18.4,rain
10-05-16,0,35,25.1,13,partly cloudy
11-05-16,0,35.4,26.9,18.4,partly cloudy
12-05-16,0.9,34.9,23.7,33.7,rain
13-05-16,27.7,31.1,23.8,27.7,rain
14-05-16,21.9,33.7,23,24.1,rain
15-05-16,19.3,34.1,27,27.7,rain
16-05-16,0,35.9,26,33.5,partly cloudy
17-05-16,1.4,35,28,33.5,rain
18-05-16,14.3,32,26.9,35.3,rain
19-05-16,35.7,30,24.6,33.5,rain
20-05-16,99.1,30,25,22.3,rain
21-05-16,159.9,26,24,33.5,rain
22-05-16,1.5,32,24.8,14.8,rain
23-05-16,0.8,34.5,26.9,14.8,rain
24-05-16,0,35,25,22.3,partly cloudy
25-05-16,2.3,34,24,51.8,rain
26-05-16,27.6,34.2,23.9,18.4,rain
27-05-16,14.7,32.8,25,16.6,rain
28-05-16,58.5,29.2,25,22.3,rain
29-05-16,22.3,33.5,25,29.5,rain
30-05-16,1,33,26,24.1,rain
31-05-16,8.3,34,26,25.9,rain
01-06-16,8.3,32,25,16.6,rain
02-06-16,1.8,35,26,16.6,rain
03-06-16,1,34.6,28,18.4,rain
04-06-16,4.8,35,28,14.8,rain
05-06-16,10,34,28,14.8,rain
06-06-16,18.8,30,27,14.8,rain
07-06-16,25.1,32,24,46.4,rain
08-06-16,17.9,33,26,22.3,rain
09-06-16,2.2,32,27,22.3,rain
10-06-16,3.8,34,27,18.4,rain
11-06-16,16.5,32.1,25.1,55.4,rain
12-06-16,20,29,24,18.4,rain
13-06-16,13.3,31,24,22.3,rain
14-06-16,4.4,32,26,18.4,rain
15-06-16,2.3,31.1,27,18.4,rain
16-06-16,2.7,33,28,18.4,rain
17-06-16,16.1,33,28,18.4,rain
18-06-16,4,32,27,33.5,rain
19-06-16,3.9,35,27,25.9,rain
20-06-16,13.6,35,27,31.7,rain
21-06-16,6,35,27,18.4,rain
22-06-16,7.7,32.6,28,18.4,rain
23-06-16,3.7,32.6,27,66.8,rain
24-06-16,4.6,34,28,18.4,rain
25-06-16,0.8,35,28,13,rain
26-06-16,2.1,34,27,14.8,rain
27-06-16,5.7,34,28,22.3,rain
28-06-16,5.7,34.4,29,22.3,rain
29-06-16,6.2,34.1,28.9,18.4,rain
30-06-16,2.7,35,29,22.3,rain
01-07-16,16.7,32,28,22.3,rain
02-07-16,30.9,31.4,27.9,25.9,rain
03-07-16,128.6,30,26.9,24.1,rain
04-07-16,75.1,31,26.4,22.3,rain
05-07-16,68.6,28.1,26.6,27.7,rain
06-07-16,46.2,29,26,18.4,rain
07-07-16,20.2,33,27,18.4,rain
08-07-16,11.5,33,27,18.4,rain
09-07-16,9,33.1,28,22.3,rain
10-07-16,11.9,32.7,27,22.3,rain
11-07-16,4.3,34,27,22.3,rain
12-07-16,17.4,31.8,27,22.3,rain
13-07-16,42.1,31,22.7,18.4,rain
14-07-16,22.8,34,28,24.1,rain
15-07-16,26,33,28,22.3,rain
16-07-16,49,28.2,26,29.5,rain
17-07-16,62.2,32.2,26,27.7,rain
18-07-16,34.3,29.8,25.9,27.7,rain
19-07-16,61.8,30,25,16.6,rain
20-07-16,13.4,31,27,27.7,rain
21-07-16,5.3,32,27,25.9,rain
22-07-16,10.7,30.3,26,22.3,rain
23-07-16,18.3,30.9,26,22.3,rain
24-07-16,21.5,32,26.6,25.9,rain
25-07-16,27.3,31,26,27.7,rain
26-07-16,18.5,30,25.4,22.3,rain
27-07-16,1.2,33,25.7,16.6,rain
28-07-16,3.7,34,27.7,14.8,rain
29-07-16,8.7,31,27.6,14.8,rain
30-07-16,14.7,32.6,27,18.4,rain
31-07-16,16.5,33.9,25.5,18.4,rain
01-08-16,56.7,32.7,26,14.8,rain
02-08-16,22,33,27,25.9,rain
03-08-16,12.7,33,27.8,27.7,rain
04-08-16,6,35,28,25.9,rain
05-08-16,11.6,33.1,26.9,25.9,rain
06-08-16,44.6,31.7,27.4,22.3,rain
07-08-16,20.6,31.1,26,22.3,rain
08-08-16,10.7,33,27,18.4,rain
09-08-16,39,30,27,27.7,rain
10-08-16,48.9,28.3,25.7,27.7,rain
11-08-16,25.4,31.7,26,22.3,rain
12-08-16,22.6,32.2,26,18.4,rain
13-08-16,13.1,33,27,18.4,rain
14-08-16,16.2,32,27,11.2,rain
15-08-16,11.4,34,27,14.8,rain
16-08-16,6.6,33,26,18.4,rain
17-08-16,26.7,31.1,26,24.1,rain
18-08-16,17.4,32,26.1,22.3,rain
19-08-16,4.7,34.1,27,18.4,rain
20-08-16,7.3,32.8,28,13,rain
21-08-16,209.5,29.2,25.3,37.1,rain
22-08-16,20.8,32,25,22.3,rain
23-08-16,0,32.7,25.8,11.2,partly cloudy
24-08-16,1.2,34,27,22.3,rain
25-08-16,7.7,35.2,26,25.9,rain
26-08-16,14,32.2,25.9,18.4,rain
27-08-16,14.2,33,28,18.4,rain
28-08-16,48.2,30.1,26,33.5,rain
29-08-16,38.2,32.5,27,16.6,rain
30-08-16,1,35,27,18.4,rain
31-08-16,13.6,33,28,21.7,rain
01-09-16,33.2,32.1,27,27.7,rain
02-09-16,36.3,31.1,28,20.3,rain
03-09-16,33.5,32,26,14.8,rain
04-09-16,22.3,31.3,27,22.3,rain
05-09-16,6.7,31,27,18.4,rain
06-09-16,21.4,31,27,22.3,rain
07-09-16,5.7,32,26.6,22.3,rain
08-09-16,2.5,32.7,27,22.3,rain
09-09-16,4.6,33.1,27,14.8,rain
10-09-16,9.4,32.3,27.8,16.7,rain
11-09-16,15.9,32,27,14.8,rain
12-09-16,18.9,31.8,26,11.2,rain
13-09-16,7.8,27.7,25.9,9.4,rain
14-09-16,19.4,32,26,18.4,rain
15-09-16,0.5,33.1,27,9.4,rain
16-09-16,1,34,27,18.4,rain
17-09-16,1.6,34.1,27.6,18.4,rain
18-09-16,2.9,32.3,27.4,14.8,rain
19-09-16,1.4,28.6,27,18.4,rain
20-09-16,9.2,29.1,26,22.3,rain
21-09-16,10.7,31,26.6,14.8,rain
22-09-16,4.1,33,26.8,22.3,rain
23-09-16,10,34,26.3,18.4,rain
24-09-16,15.3,32,27,14.8,rain
25-09-16,10.7,32.2,26.8,14.8,rain
26-09-16,12.1,31,26,11.1,rain
27-09-16,35.5,33.1,26.4,13,rain
28-09-16,66.7,30,27,18.4,rain
29-09-16,30.9,33.9,26.9,18.4,rain
30-09-16,0.9,34,26.4,14.8,rain
01-10-16,5.3,32.5,26,25.9,rain
02-10-16,5.9,32,27.3,9.4,rain
03-10-16,6.1,33.1,27,14.8,rain
04-10-16,13.8,35,27.7,18.4,rain
05-10-16,26.5,31.1,26.9,11.2,rain
06-10-16,39,30.1,27,14.8,rain
07-10-16,29.7,31,27,16.6,rain
08-10-16,14.2,31,26.8,14.8,rain
09-10-16,11.4,31,26.6,18.4,rain
10-10-16,19.6,32.4,26.9,25,rain
11-10-16,70.8,29,25,27.7,rain
12-10-16,30.6,31,24,18.4,rain
13-10-16,20.4,32.2,25.4,11.2,rain
14-10-16,9,31.4,25.4,13,rain
15-10-16,0.9,32.6,24.9,14.8,rain
16-10-16,0,33.2,25,18.4,clear
17-10-16,0,34,25.7,15.3,clear
18-10-16,0,34.1,26,11.2,partly cloudy
19-10-16,0,35,23.3,14.8,partly cloudy
20-10-16,0,34.8,25.7,14.8,partly cloudy
21-10-16,0,33.1,25.8,14.8,clear
22-10-16,0,32.1,25.8,14.8,partly cloudy
23-10-16,0,32.4,25.4,18.4,clear
24-10-16,0,32,24.2,18.4,clear
25-10-16,0,34,24.1,9.4,partly cloudy
26-10-16,0.5,31.2,24.8,11.2,rain
27-10-16,12.7,29,24.6,14.8,rain
28-10-16,3.7,29,24,11.2,rain
29-10-16,13.9,30.1,25,13,rain
30-10-16,5.9,32,24.4,9.4,rain
31-10-16,4.7,32,25.2,20.5,rain
01-11-16,0,33,26,12.9,partly cloudy
02-11-16,0,33.4,26.1,14.8,partly cloudy
03-11-16,0.6,33.1,26.4,13,rain
04-11-16,14.1,28.2,24,18.4,rain
05-11-16,128.1,25,22.9,18.4,rain
06-11-16,50.2,26,20,18.4,rain
07-11-16,38.4,28,22,11.2,rain
08-11-16,0.1,29,21.4,0,rain
09-11-16,0,30,21.8,9.4,partly cloudy
10-11-16,0,29.7,21.1,10,partly cloudy
11-11-16,0,29,20.2,13,partly cloudy
12-11-16,0,29,20.4,0,partly cloudy
13-11-16,0,29,21.1,9.4,clear
14-11-16,0,30,21.8,18.4,clear
15-11-16,0,29,20,18.4,clear
16-11-16,0,30,20.3,14.8,partly cloudy
17-11-16,0,29.1,20.6,18.4,clear
18-11-16,0,29.1,19.5,11.2,clear
19-11-16,0,29,17.3,12.6,clear
20-11-16,0,28.1,19.7,9.4,partly cloudy
21-11-16,0,28,19.5,13,clear
22-11-16,0,28.1,19.8,14.8,clear
23-11-16,0,28.1,19,11.2,clear
24-11-16,0,28.1,19.8,7.6,clear
25-11-16,0,28,18.8,11.2,partly cloudy
26-11-16,0,28,19.7,13.4,clear
27-11-16,0,28,19.5,11.2,clear
28-11-16,0.8,28.1,19.2,11.2,rain
29-11-16,0.2,28,20,14.8,rain
30-11-16,0,28.1,20,11.2,clear
01-12-16,0,28.3,20.4,7.6,clear
02-12-16,0,28.2,19.7,11.2,clear
03-12-16,0,29.1,19.8,14.8,clear
04-12-16,0,29.1,20.7,11.7,clear
05-12-16,0,28,18,14.8,clear
06-12-16,0,28,18,13,clear
07-12-16,0,29,17.7,10.2,clear
08-12-16,0,29,16.9,13,clear
09-12-16,0,29,17.9,14.8,clear
10-12-16,0,27,16.7,14.8,clear
11-12-16,0,28,16,13,clear
12-12-16,0,28,16.9,14.8,clear
13-12-16,0,27,16,18.4,clear
14-12-16,0,25.9,15.9,14.8,clear
15-12-16,0.6,26,16,11.2,rain
16-12-16,0,25.5,16.8,7.6,clear
17-12-16,0,27,16.7,14.8,partly cloudy
18-12-16,0,27,16.9,11.2,partly cloudy
19-12-16,0,27,17,14.8,partly cloudy
20-12-16,0,26,17,18.4,partly cloudy
21-12-16,0,26,17,13,clear
22-12-16,0,27,16.9,9.4,partly cloudy
23-12-16,0,27,18,13,partly cloudy
24-12-16,0,27.1,18.7,5.4,clear
25-12-16,0,27.1,19.3,10.2,clear
26-12-16,0,27.1,19.8,14.8,partly cloudy
27-12-16,0,27,18,14.8,clear
28-12-16,0,24.9,16,11.2,clear
29-12-16,0,26,16.6,15.1,partly cloudy
30-12-16,0,26.1,17.6,9.4,partly cloudy
31-12-16,0,25,16,9.4,clear
01-01-17,0,26,16,11.2,clear
02-01-17,0,27,16,11.2,clear
03-01-17,0,27,16.8,14.8,clear
04-01-17,0,26.1,16,18.4,clear
05-01-17,0,24,15.8,16.6,partly cloudy
06-01-17,0,24,15.7,18.4,clear
07-01-17,0,25,14,13,partly cloudy
08-01-17,0,27,15.7,18.4,clear
09-01-17,0,26.4,15.8,18.4,clear
10-01-17,0,26,15.8,22.3,partly cloudy
11-01-17,0,25,14.8,13.7,clear
12-01-17,0,26,15.8,18.4,clear
13-01-17,0,26,13.8,22.3,clear
14-01-17,3.3,24,12,16.6,rain
15-01-17,0,25,11.9,18.4,clear
16-01-17,0,24.1,14,16.8,clear
17-01-17,0,26,13,17.1,clear
18-01-17,0,26,13.8,11.2,clear
19-01-17,0,27,13.9,18.4,clear
20-01-17,0,26,15,14.8,clear
21-01-17,0,26,14.6,13,clear
22-01-17,0,28,15.1,14.8,clear
23-01-17,0,26.9,16,16.6,clear
24-01-17,0,27,15.7,14.8,clear
25-01-17,0,28.1,16.8,11.2,clear
26-01-17,0,30,16.7,11.2,clear
27-01-17,0,26.7,17,13,partly cloudy
28-01-17,0,26.8,17.8,14.8,partly cloudy
29-01-17,0,26,15.9,24.1,clear
30-01-17,0,26,16,14.8,clear
31-01-17,0,26,16.5,14.8,clear
01-02-17,0,27,15.7,14.8,clear
02-02-17,0,27.1,16,22.3,clear
03-02-17,0,26,15.7,14.8,clear
04-02-17,0,28.1,16.8,13.4,clear
05-02-17,0,31.6,16.3,14.8,clear
06-02-17,0,30.1,18,14.8,clear
07-02-17,0,29,19,16.5,clear
08-02-17,0,29,18,16.5,clear
09-02-17,0,30,16.7,18.4,clear
10-02-17,0,29,16.7,11.2,clear
11-02-17,0,28.1,17.8,11.2,clear
12-02-17,0,29,18.1,14.8,clear
13-02-17,0,29,19.7,16.6,clear
14-02-17,0,30,18.5,11.2,clear
15-02-17,0,30,18.8,14.8,clear
16-02-17,0,30,18.8,16.6,clear
17-02-17,0,30,18,11.2,clear
18-02-17,0,30,18.8,14.8,clear
19-02-17,0,29.1,20.7,11.8,partly cloudy
20-02-17,0,28,20.9,18.4,partly cloudy
21-02-17,0,31,21,25.9,partly cloudy
22-02-17,0,29.2,23,22.3,partly cloudy
23-02-17,4.9,29,23,20.6,rain
24-02-17,0,30,19.3,18.4,clear
25-02-17,2.7,30,17.9,18.4,rain
26-02-17,0,30,16.7,18.4,clear
27-02-17,0,31,18.6,22.3,clear
28-02-17,0,29.2,19,25.2,clear
01-03-17,0,31,20,14.8,clear
02-03-17,0,32.1,20,18.4,clear
03-03-17,0,33,21.5,18.4,clear
04-03-17,0,30.1,22.8,18.4,partly cloudy
05-03-17,5.5,30.1,22.9,18.4,rain
06-03-17,45.4,29.7,21.3,14.8,rain
07-03-17,16.5,30.6,21,11.2,rain
08-03-17,18.8,29.8,21.1,22.3,rain
09-03-17,2.5,26.3,19,14.8,rain
10-03-17,10.7,31,21.8,33,rain
11-03-17,74.5,28.3,20,23.8,rain
12-03-17,27,30,21.6,18.4,rain
13-03-17,1.2,30,19.7,18.4,rain
14-03-17,0,30,19.6,22.3,clear
15-03-17,0,31,18.4,18.4,clear
16-03-17,0,30.5,17.8,22.3,clear
17-03-17,0,32,18.1,16.6,clear
18-03-17,8.4,29,21,22.3,rain
19-03-17,5.1,30,18.1,14.8,rain
20-03-17,9.6,24,18,22.3,rain
21-03-17,0.6,28.2,18,18.4,rain
22-03-17,0.2,30,19,14.8,rain
23-03-17,0,30.4,21,14.8,partly cloudy
24-03-17,0.1,31.1,23,16.6,rain
25-03-17,2.9,27.3,20,14.8,rain
26-03-17,0,31,19,11.2,partly cloudy
27-03-17,0,32,23,22.3,partly cloudy
28-03-17,0,29.8,24,18.4,partly cloudy
29-03-17,4,29.1,23,21.6,rain
30-03-17,1.3,32.1,26,29.5,rain
31-03-17,0.3,34,26,27.7,rain
01-04-17,0,34,26,24.1,partly cloudy
02-04-17,0,33,26,33.5,partly cloudy
03-04-17,2.5,33.1,25.9,37.1,rain
04-04-17,12.6,32,22.2,22.3,rain
05-04-17,36,29,22,27.7,rain
06-04-17,36.6,29.9,20,18.4,rain
07-04-17,9.9,33.4,24,18.4,rain
08-04-17,0,34,26.1,18.4,partly cloudy
09-04-17,0,34,26,18.4,partly cloudy
10-04-17,0,35.1,26.8,18.4,partly cloudy
11-04-17,0,35.2,26.9,18.4,partly cloudy
12-04-17,0,35,26,18.4,partly cloudy
13-04-17,0,36,25,14.8,clear
14-04-17,0,35.6,24.1,18.4,clear
15-04-17,0.2,34.2,25.9,18.4,rain
16-04-17,9.1,31,23,22.3,rain
17-04-17,0,34.4,23.5,18.4,clear
18-04-17,0,34,24.9,22.3,partly cloudy
19-04-17,54.4,34,23,32.6,rain
20-04-17,55,29.1,22.6,29.5,rain
21-04-17,76.8,27,24,27.7,rain
22-04-17,101,24.5,21,22.3,rain
23-04-17,58.2,28.4,20.9,40.7,rain
24-04-17,30.3,24.1,21,38.9,rain
25-04-17,18.8,33.7,23,25.9,rain
26-04-17,3.8,34.1,23.2,24.8,rain
27-04-17,2.8,34.1,26.1,22.3,rain
28-04-17,0.4,34,26,22.3,rain
29-04-17,0,33.7,23,64.8,wind
30-04-17,1.1,33.1,23,46.4,rain
01-05-17,8.8,33,22,25.6,rain
02-05-17,17.8,32.1,21.6,24.1,rain
03-05-17,10.9,34.7,26,18.4,rain
04-05-17,0,34,26,27.7,partly cloudy
05-05-17,0,34.6,27,18.4,partly cloudy
06-05-17,0,33.3,26,22.3,partly cloudy
07-05-17,0,34,24,20.5,partly cloudy
08-05-17,0,34.4,27.6,18.4,partly cloudy
09-05-17,5,31,25,28.9,rain
10-05-17,18.9,34,23.9,13,rain
11-05-17,7.2,35,27,18.4,rain
12-05-17,1.5,33.9,26.7,18.4,rain
13-05-17,1.5,33.6,27,18.4,rain
14-05-17,13.4,32.2,25.6,14.8,rain
15-05-17,20,31.8,24,25.9,rain
16-05-17,31.8,30.1,22,22.3,rain
17-05-17,31.8,32,25,64.8,rain
18-05-17,13.9,33.8,24,18.4,rain
19-05-17,21,35.1,28,29.5,rain
20-05-17,1.2,35.7,27,18.4,rain
21-05-17,0.5,35.6,27,22.3,rain
22-05-17,0.4,36.1,28,18.4,rain
23-05-17,2.5,36.3,28,18.4,rain
24-05-17,0,36,29.7,18.4,partly cloudy
25-05-17,0,35.1,29,22.3,partly cloudy
26-05-17,0.4,34.1,26.7,18.4,rain
27-05-17,4.8,34.1,26,13,rain
28-05-17,2.3,34.4,27.8,14.8,rain
29-05-17,14.5,34.4,27.9,18.4,rain
30-05-17,43.7,30.2,26,16.6,rain
31-05-17,29,34,25.9,33.5,rain
01-06-17,76.9,30,25.8,22.3,rain
02-06-17,65.5,33,24.9,27.7,rain
03-06-17,57.6,34.4,24.8,25.9,rain
04-06-17,23.2,33.2,27,31.1,rain
05-06-17,13.8,31.7,25,46.4,rain
06-06-17,20.7,35,24,14.8,rain
07-06-17,3.6,35.1,28,14.8,rain
08-06-17,7.4,34.7,26.3,16.6,rain
09-06-17,6.4,33,27,11.2,rain
10-06-17,5.1,36,27,18.4,rain
11-06-17,40.6,32,25,24.1,rain
12-06-17,115.5,26.4,25,29.5,rain
13-06-17,14.8,32,25,22.3,rain
14-06-17,7.4,33,26,18.4,rain
15-06-17,31.2,33,26,18.4,rain
16-06-17,34.9,29,25,22.3,rain
17-06-17,43.4,32,26,27.7,rain
18-06-17,30.6,33,27,22.3,rain
19-06-17,59,29.3,23.6,22.3,rain
20-06-17,37.3,32,24.9,14.8,rain
21-06-17,37.4,31.1,26.8,27.7,rain
22-06-17,21.3,31.7,27,18.4,rain
23-06-17,13.8,34,27,18.4,rain
24-06-17,1.7,35.9,28,18.4,rain
25-06-17,5.2,32.4,27,29.5,rain
26-06-17,14.7,32.3,27,27.7,rain
27-06-17,4.2,33,28,22.3,rain
28-06-17,13.5,32.4,28,18.4,rain
29-06-17,14.9,33,28,20.5,rain
30-06-17,8.6,32.2,27,27.7,rain
01-07-17,41,32,27.7,25.9,rain
02-07-17,29.7,31.1,27,22.3,rain
03-07-17,96,29.5,26.9,18.4,rain
04-07-17,60.3,29.1,25.6,27.7,rain
05-07-17,13.9,29.1,26,20.5,rain
06-07-17,9.8,32,27,22.3,rain
07-07-17,8.4,31.1,27,18.4,rain
08-07-17,3,32,28,22.3,rain
09-07-17,4.4,33,28,25.2,rain
10-07-17,20.1,29,27,22.3,rain
11-07-17,40,29,26,18.4,rain
12-07-17,30,31,25,18.4,rain
13-07-17,16.6,32,26,21.7,rain
14-07-17,19.5,33,27,14.8,rain
15-07-17,6.3,34,27,14.8,rain
16-07-17,4.5,35.3,28,14.8,rain
17-07-17,5.5,34.4,27,14.8,rain
18-07-17,9,34,27.4,18.4,rain
19-07-17,62.5,29,26,22.3,rain
20-07-17,193,28.8,25,21.2,rain
21-07-17,118.6,29,25,18.4,rain
22-07-17,9.6,32.2,27,18.4,rain
23-07-17,45.3,32,26.5,18.4,rain
24-07-17,164.1,28,26,29.5,rain
25-07-17,80.3,28,25,25.9,rain
26-07-17,70.6,29,25.3,14.8,rain
27-07-17,24.9,33,27,14.8,rain
28-07-17,26.8,34.5,27,13,rain
29-07-17,5.2,31.8,26,11.2,rain
30-07-17,11.1,33,27,22.3,rain
31-07-17,8,34,20,22.3,rain
01-08-17,3.8,33,27,18.4,rain
02-08-17,29.5,32.1,27,18.4,rain
03-08-17,35.4,32.6,27,18.4,rain
04-08-17,20.9,33.2,27,11.2,rain
05-08-17,18.2,33,28,20.5,rain
06-08-17,45.1,31.4,27,18.4,rain
07-08-17,63.1,32,26,22.3,rain
08-08-17,62.6,33.7,27.9,22.3,rain
09-08-17,31.3,34,28,18.4,rain
10-08-17,42,33,28,37.1,rain
11-08-17,81.4,30,27,25.9,rain
12-08-17,88.9,28.6,25.9,18.4,rain
13-08-17,45.2,33,26,14.8,rain
14-08-17,33.3,30.3,26,14.8,rain
15-08-17,79.6,32,27,14.8,rain
16-08-17,105.2,30,26,14.8,rain
17-08-17,29.1,32.2,27,18.4,rain
18-08-17,4.4,33,28,18.4,rain
19-08-17,4,34,26,18.4,rain
20-08-17,1.9,34,27,16.6,rain
21-08-17,2.1,34,27.1,18.4,rain
22-08-17,42.2,32,26,18.4,rain
23-08-17,32.4,32.1,25.9,18.4,rain
24-08-17,17.6,33,27,18.4,rain
25-08-17,23.8,33,27,14.8,rain
26-08-17,28.6,33,27.1,18.4,rain
27-08-17,31.8,33,25.8,18.4,rain
28-08-17,28.7,32,27,22.3,rain
29-08-17,22,32.9,27,18.4,rain
30-08-17,16.9,33,27,13,rain
31-08-17,39.3,30.1,26.5,9.4,rain
01-09-17,47.9,32,27.4,18.4,rain
02-09-17,36.9,32.2,27,16,rain
03-09-17,13,34.1,27.2,29.5,rain
04-09-17,5.9,35,27,18.4,rain
05-09-17,10.1,35,27.8,14.8,rain
06-09-17,8,33.4,28,177.8,rain
07-09-17,5.9,33.1,28,13,rain
08-09-17,5.5,35,28,18.4,rain
09-09-17,25.4,34,28,22.3,rain
10-09-17,45.9,32,25,18.4,rain
11-09-17,50.2,27,24.9,18.4,rain
12-09-17,42.6,32,25.8,11.2,rain
13-09-17,21.7,33,27,14.8,rain
14-09-17,8.9,33,27,13,rain
15-09-17,0.3,35,27,14.8,rain
16-09-17,24.4,35.1,27.4,11.2,rain
17-09-17,24.4,32.1,26,27.7,rain
18-09-17,25.6,34,26,14.8,rain
19-09-17,48.4,31,26,18.4,rain
20-09-17,44,30.2,26,22.3,rain
21-09-17,11.1,32,26.9,18.4,rain
22-09-17,3.5,34.4,27.4,11.2,rain
23-09-17,0.7,34.4,28,14.8,rain
24-09-17,1.6,34.1,28,14.8,rain
25-09-17,4,35,28,11.2,rain
26-09-17,12.9,32.9,28,13,rain
27-09-17,24.3,32,28,22.3,rain
28-09-17,37.2,33,26,17,rain
29-09-17,81.6,28,25,42.5,rain
30-09-17,45.2,32,26,14.8,rain
01-10-17,12.3,31.6,25,11.2,rain
02-10-17,12.9,33,26,11.2,rain
03-10-17,7.9,34.2,26,9.4,rain
04-10-17,1.6,34.7,26.9,9.4,rain
05-10-17,0.9,35,27.2,14.8,rain
06-10-17,1.5,34.1,27.9,13,rain
07-10-17,10.1,32,27,14.8,rain
08-10-17,46.6,31,26,22.3,rain
09-10-17,53.8,29,26,16.6,rain
10-10-17,7.6,33,25.8,14.8,rain
11-10-17,0,34.1,26.7,18.4,partly cloudy
12-10-17,0,34.3,27,18.4,partly cloudy
13-10-17,0,34,27,14.8,partly cloudy
14-10-17,0,34,27,14.8,partly cloudy
15-10-17,5.4,34,26,11.2,rain
16-10-17,0,33,27,13,partly cloudy
17-10-17,0.1,33,26,14.8,rain
18-10-17,10,34,27.6,22.3,rain
19-10-17,38,31,24.8,22.3,rain
20-10-17,93.9,26,24,25.9,rain
21-10-17,196.7,25.1,24,40.7,rain
22-10-17,3.9,29,22,22.3,rain
23-10-17,0.1,32,23.7,14.8,rain
24-10-17,0.2,32,24,18.4,rain
25-10-17,1.6,30,24,11.2,rain
26-10-17,1.1,32,25,13,rain
27-10-17,0,31,24,14.8,partly cloudy
28-10-17,0,30.4,23.1,11.2,partly cloudy
29-10-17,4.4,30,21.2,11.2,rain
30-10-17,13.5,26,21,14.8,rain
31-10-17,0,28,19.7,11.2,partly cloudy
01-11-17,0.3,29,20.6,9.4,rain
02-11-17,0,31,21.6,14.8,clear
03-11-17,0,31.1,21.2,13,clear
04-11-17,0,33,22.4,14.8,clear
05-11-17,0,32.4,23.2,14.8,clear
06-11-17,0,33,22,11.2,clear
07-11-17,0,32.2,22,11.2,clear
08-11-17,2.6,32,22.1,11.2,rain
09-11-17,0,31,21.7,14.8,clear
10-11-17,0,30.1,21.5,9.4,clear
11-11-17,0,31,20.7,11.2,partly cloudy
12-11-17,0,31.2,20.8,14.8,clear
13-11-17,0,32,22.4,11.2,partly cloudy
14-11-17,0,30,22.3,9.4,partly cloudy
15-11-17,8.6,26.6,21.6,14.8,rain
16-11-17,3.6,25,21,14.8,rain
17-11-17,0.6,29,22,11.2,rain
18-11-17,3.6,31,24,11.2,rain
19-11-17,0.1,32,23.1,14.8,rain
20-11-17,0,30.6,21.7,14.8,clear
21-11-17,0,29,20,22.3,clear
22-11-17,0,28,17.8,18.4,clear
23-11-17,0,28,17,14.8,clear
24-11-17,0,28,18.8,14.8,clear
25-11-17,0,28.9,19,13,clear
26-11-17,0,29,17.9,11.2,clear
27-11-17,0,29,18,16.6,clear
28-11-17,0,28,18.7,11.2,clear
29-11-17,0,27.1,18,11.2,clear
30-11-17,0,28,18,11.2,clear
01-12-17,0,29,16.9,9.4,clear
02-12-17,0,29,17,11.2,clear
03-12-17,0,29,17.8,9.4,clear
04-12-17,0,28,17.3,9.4,clear
05-12-17,0,28,17,9.4,clear
06-12-17,0,27.9,16.8,11.2,partly cloudy
07-12-17,0,28.3,17,11.2,partly cloudy
08-12-17,5.1,25.2,20,9.4,rain
09-12-17,49.1,23,18.9,18.4,rain
10-12-17,36,24,21,16.6,rain
11-12-17,47.7,25,21.8,14.8,rain
12-12-17,2.4,28.2,20.9,9.4,rain
13-12-17,0,28,19.4,9.4,clear
14-12-17,0,29,19,18.4,clear
15-12-17,0,26.9,17,14.8,clear
16-12-17,0,26,14.9,9.4,clear
17-12-17,0,25,15.9,9.4,partly cloudy
18-12-17,0,25,18,13,partly cloudy
19-12-17,0,22,17,13,partly cloudy
20-12-17,0,25.1,16.4,8.4,partly cloudy
21-12-17,0,25.7,16,11.2,partly cloudy
22-12-17,0,27,16.9,9.4,partly cloudy
23-12-17,0,26,17,9.4,partly cloudy
24-12-17,0,28,17,9.4,partly cloudy
25-12-17,0,26.1,17,11.2,clear
26-12-17,0,27,17,16.6,clear
27-12-17,0,27,16.8,14.8,clear
28-12-17,0,26,16.9,14.8,clear
29-12-17,0,28,15.6,11.2,partly cloudy
30-12-17,0,29,16.6,13,clear
31-12-17,0,29,15,9.4,clear
01-01-18,0,26,15,9.4,partly cloudy
02-01-18,0.4,27,17,13,rain
03-01-18,0.4,26,15,18.4,rain
04-01-18,0.3,22,12.7,14.8,rain
05-01-18,0,21.7,11,13,partly cloudy
06-01-18,0,24,12,13,clear
07-01-18,0,21,10.4,16.6,clear
08-01-18,0,19,9,18.4,clear
09-01-18,0,24,9,13,clear
10-01-18,0,21,11,11.2,clear
11-01-18,0,19,10,14.8,partly cloudy
12-01-18,0,21,11,11.2,partly cloudy
13-01-18,0,22,11.9,11.2,partly cloudy
14-01-18,0,19,13,13,fog
15-01-18,0,21.7,11.4,9.4,partly cloudy
16-01-18,0,25,12,13,partly cloudy
17-01-18,0,26,13,11.2,partly cloudy
18-01-18,0,27,14,11.2,partly cloudy
19-01-18,0,27,14,14.8,clear
20-01-18,0,25,13,13,clear
21-01-18,0,25,12,14.8,clear
22-01-18,0,26,13,11.2,partly cloudy
23-01-18,0,28,15,13,partly cloudy
24-01-18,0,28,14,13,clear
25-01-18,0,26,16,11.2,clear
26-01-18,0,27,14,14.8,clear
27-01-18,0,23,14.7,18.4,clear
28-01-18,0,25,12.4,14.8,clear
29-01-18,0,25,12.2,16.6,clear
30-01-18,0,26,12.9,14.8,clear
31-01-18,0,26,13.9,14.8,clear
01-02-18,0,26,14.9,9.4,clear
02-02-18,0,26,16,11.2,clear
03-02-18,0,26,16,7.6,partly cloudy
04-02-18,0,28,16,13,clear
05-02-18,0,28,21,11.2,partly cloudy
06-02-18,0,29,19,13,partly cloudy
07-02-18,0,29,16,16.6,partly cloudy
08-02-18,0,28.2,18,14.8,partly cloudy
09-02-18,0,28,17,9.4,partly cloudy
10-02-18,0.8,29,20.7,16.6,rain
11-02-18,0,29,18,16.6,partly cloudy
12-02-18,0,31,16.6,14.8,clear
13-02-18,0,30,18,16.6,partly cloudy
14-02-18,0,29,18,13,partly cloudy
15-02-18,0,28,18,14.8,clear
16-02-18,0,31,17,16.6,clear
17-02-18,0,30,17,13,clear
18-02-18,0,29.2,16.9,11.2,clear
19-02-18,0,30,17,14.8,clear
20-02-18,0,32,19,13,partly cloudy
21-02-18,0,32.1,20.1,13,clear
22-02-18,0,33.1,20.2,11.2,clear
23-02-18,0,32.8,19.7,14.8,clear
24-02-18,0,33,21,9.4,clear
25-02-18,0,34,20.9,13,clear
26-02-18,4.1,31,19.6,24.1,rain
27-02-18,0.5,32,19.6,13,rain
28-02-18,0.4,32,20.9,13,rain
01-03-18,0,32,20.6,14.8,clear
02-03-18,0,33.1,21.4,11.2,clear
03-03-18,0,35,22,18.4,clear
04-03-18,0,36,23.4,22.3,clear
05-03-18,0,34,24,18.4,partly cloudy
06-03-18,0,34,22,13,partly cloudy
07-03-18,0,33,22,14.8,clear
08-03-18,0,32,18.4,14.8,clear
09-03-18,0,32.3,20,18.4,clear
10-03-18,0,33,19.7,20.5,clear
11-03-18,0,34,19.5,11.2,clear
12-03-18,0,35,20,14.8,clear
13-03-18,0,35,22,18.4,partly cloudy
14-03-18,0,35,21,13,partly cloudy
15-03-18,0,34.2,23.7,18.4,partly cloudy
16-03-18,0,32,24.9,16.6,partly cloudy
17-03-18,0.2,34,24,14.8,rain
18-03-18,0,36,23,18.4,partly cloudy
19-03-18,0,36,23,18.4,clear
20-03-18,0,34.1,21.4,16.6,clear
21-03-18,0,35,21.8,16.6,clear
22-03-18,0,34,22.9,16.6,clear
23-03-18,0,36,23,16.6,clear
24-03-18,0,35,25,14.8,partly cloudy
25-03-18,0,34.4,19.3,14.8,partly cloudy
26-03-18,0.2,33.1,24,25.9,rain
27-03-18,1,33,22,14.8,rain
28-03-18,0.7,34,24,22.3,rain
29-03-18,0,34,25,18.4,partly cloudy
30-03-18,0.9,33.5,21,29.5,rain
31-03-18,15.9,29,18,33.5,rain
01-04-18,5.1,35,20.9,11.2,rain
02-04-18,0,30,21.3,27.7,partly cloudy
03-04-18,0,36,24,13,partly cloudy
04-04-18,0,35,22.4,22.3,partly cloudy
05-04-18,0.1,33.4,23.4,22.3,rain
06-04-18,9.3,30.1,22,22.3,rain
07-04-18,15,32,23,22.3,rain
08-04-18,15.3,33,22.9,20.7,rain
09-04-18,5.3,34,23,20.5,rain
10-04-18,9.6,33.5,24,18.4,rain
11-04-18,5.6,34,24,16.6,rain
12-04-18,6.1,34,19,37.1,rain
13-04-18,8.1,34,22.5,25.9,rain
14-04-18,7.6,34,21,40.7,rain
15-04-18,8.7,34,22,14.8,rain
16-04-18,2.8,35,25,22.3,rain
17-04-18,15.9,31,23,22.3,rain
18-04-18,12.5,33,21.7,23.6,rain
19-04-18,28.3,32,22.9,29.5,rain
20-04-18,11.9,33.1,23,100.1,rain
21-04-18,13.5,32,24,27.7,rain
22-04-18,17.1,34,24,25.9,rain
23-04-18,20.5,34.4,24,13,rain
24-04-18,14.2,34,26.5,14.8,rain
25-04-18,0.3,34,21,31.7,rain
26-04-18,9.9,32.4,21.2,22.3,rain
27-04-18,7.1,31,21,29.5,rain
28-04-18,9.5,34,24,18.4,rain
29-04-18,18.5,27.4,20.8,25.9,rain
30-04-18,37.3,28,21.7,22.3,rain
01-05-18,14.3,32.3,22,24.1,rain
02-05-18,4.3,32.6,21.6,27.7,rain
03-05-18,16.7,33,21,16.6,rain
04-05-18,24,30.7,23,22.3,rain
05-05-18,51.4,31.8,23,17.7,rain
06-05-18,11.4,32.9,24.5,27.7,rain
07-05-18,11.9,29.1,21.9,51.8,rain
08-05-18,1.4,33,27,25.9,rain
09-05-18,3.4,32,25,27.7,rain
10-05-18,17.7,29,22.4,18.4,rain
11-05-18,22,31,22.6,24.1,rain
12-05-18,11,32.1,21.6,14.8,rain
13-05-18,13.1,32.6,22,33.5,rain
14-05-18,10.1,33,23,18.4,rain
15-05-18,15.9,33.8,24.9,18.4,rain
16-05-18,35.3,27,21,27.7,rain
17-05-18,27.5,32,23,14.8,rain
18-05-18,37.4,30,23.8,24.1,rain
19-05-18,42.1,32,24,18.4,rain
20-05-18,19.5,30,23,20.5,rain
21-05-18,24.5,31,24,37.1,rain
22-05-18,4,30,25,18.4,rain
23-05-18,49.8,30,25.1,22.3,rain
24-05-18,11.3,32,25,20.5,rain
25-05-18,9.4,33.4,26,27.7,rain
26-05-18,16,34.1,26,24.1,rain
27-05-18,3.6,35.2,28,18.4,rain
28-05-18,1,34.4,28,14.8,rain
29-05-18,12.4,34,24,37.1,rain
30-05-18,25.3,36,27,18.4,rain
31-05-18,21.5,28.4,24,37.1,rain
01-06-18,15.4,32,25,42.5,rain
02-06-18,30.7,33,25,18.4,rain
03-06-18,11.4,33.5,25.3,29.5,rain
04-06-18,12.2,33.1,26,16.6,rain
05-06-18,30.5,34.1,25,18.4,rain
06-06-18,8.9,35,27,13,rain
07-06-18,3.1,34.1,28,13,rain
08-06-18,6.9,33.1,26,13,rain
09-06-18,29.2,35.1,27.8,16.6,rain
10-06-18,74.6,34,23.8,14.8,rain
11-06-18,46.3,32,26,23,rain
12-06-18,58,34,26,18.4,rain
13-06-18,36,31.6,25,39.2,rain
14-06-18,9.9,35.4,28,22.3,rain
15-06-18,12.3,33.7,28,27.7,rain
16-06-18,25.9,31,25,37.1,rain
17-06-18,20,35,26.8,18.4,rain
18-06-18,13.6,35,25.6,25.9,rain
19-06-18,27.5,30.1,24.7,33.5,rain
20-06-18,5.2,34.2,25.7,18.4,rain
21-06-18,7.8,34.1,28,20.5,rain
22-06-18,14.4,33.8,28,20.5,rain
23-06-18,40.1,30,26,14.8,rain
24-06-18,87,32,27,22.3,rain
25-06-18,32.6,31.1,26.9,22.3,rain
26-06-18,24.5,34,26.9,18.4,rain
27-06-18,12.2,32,26.8,29.5,rain
28-06-18,24.5,32,25.8,25.9,rain
29-06-18,6.7,33.1,27.3,25.9,rain
30-06-18,8,33,28,22.3,rain
01-07-18,6.3,33.1,28,22.3,rain
02-07-18,13.8,33,26.9,18.4,rain
03-07-18,76.1,30,26.1,16.6,rain
04-07-18,66.3,32,25.8,25.9,rain
05-07-18,12.7,33,26.8,18.4,rain
06-07-18,15.7,33.7,27,18.4,rain
07-07-18,1.9,34,27,18.4,rain
08-07-18,3.4,33,27,22.3,rain
09-07-18,5.5,31,27,25.9,rain
10-07-18,26.2,32.2,27.6,20.5,rain
11-07-18,9,34,28,18.4,rain
12-07-18,6,32.4,27,24.1,rain
13-07-18,4.6,33.7,28,18.4,rain
14-07-18,2,34.7,27,18.4,rain
15-07-18,5.1,33.1,28,24.1,rain
16-07-18,15.4,33.4,27,33.5,rain
17-07-18,23.7,31.1,26,22.3,rain
18-07-18,11.2,34,28,22.3,rain
19-07-18,0.7,37.1,28,11.2,rain
20-07-18,5.7,35.3,28.2,33.5,rain
21-07-18,35.2,31,28,31.7,rain
22-07-18,21.3,31.3,26.9,27.7,rain
23-07-18,49.7,32.4,24.9,22.3,rain
24-07-18,68.5,31,26,14.8,rain
25-07-18,77.6,30,26,16.6,rain
26-07-18,84.8,28.4,26.9,39,rain
27-07-18,68.7,29,26.3,18.4,rain
28-07-18,49.1,30,26.6,14.8,rain
29-07-18,47.1,32,26,18.4,rain
30-07-18,12.7,32,27.4,28.8,rain
31-07-18,32.4,32.8,27,18.4,rain
01-08-18,40.2,32,26.9,18.4,rain
02-08-18,21.4,30.3,26.9,16.6,rain
03-08-18,26.5,32,25.9,18.4,rain
04-08-18,18.4,31,27,15.1,rain
05-08-18,12.8,31,28,18.4,rain
06-08-18,8.7,34.4,26,18.4,rain
07-08-18,3.9,33.2,27.5,27.7,rain
08-08-18,2.8,32.1,27.8,29.5,rain
09-08-18,1.5,33,27,23.6,rain
10-08-18,3.5,34,27.7,18.4,rain
11-08-18,2.8,34,28,18.4,rain
12-08-18,4.3,33,28,18.4,rain
13-08-18,2.8,34,27.8,18.4,rain
14-08-18,8,35.7,28,18.4,rain
15-08-18,3.6,34.4,28,29.5,rain
16-08-18,5.1,34.2,27,24.1,rain
17-08-18,11.6,34,27.8,18.4,rain
18-08-18,9.1,36,27.8,13,rain
19-08-18,49.8,33,28,22.3,rain
20-08-18,47.2,33,28,33.5,rain
21-08-18,15.2,33.1,26.8,24.1,rain
22-08-18,6.9,32.4,26.7,19.5,rain
23-08-18,13.8,31.1,28,18.4,rain
24-08-18,9.5,32.1,27.8,18.4,rain
25-08-18,16.4,33.5,27,18.4,rain
26-08-18,6.5,34,27.2,22.3,rain
27-08-18,3.2,32,20,24.1,rain
28-08-18,9,33,27.8,25.9,rain
29-08-18,13.2,32,27.9,22.3,rain
30-08-18,13.5,34,27,20.5,rain
31-08-18,8.9,34,28,22.3,rain
01-09-18,18.6,34,28,29.5,rain
02-09-18,14.4,31.2,26,22.3,rain
03-09-18,15.4,33,27.7,18.4,rain
04-09-18,20.1,34,27,14.8,rain
05-09-18,22.9,34,27,25.9,rain
06-09-18,16.2,33,26.6,33.5,rain
07-09-18,7,32,26.9,222.5,rain
08-09-18,2.2,34.2,27.4,18.4,rain
09-09-18,2.3,35,27,22.3,rain
10-09-18,3.5,34,27.9,18.4,rain
11-09-18,9.5,35,27.8,18.4,rain
12-09-18,20.9,35,27,22.3,rain
13-09-18,12.7,30,24,27.7,rain
14-09-18,9.7,33.4,27,30.9,rain
15-09-18,2.2,35,26.6,18.4,rain
16-09-18,0.6,35,28,14.8,rain
17-09-18,0.1,36,27.9,14.8,rain
18-09-18,0,37,28,18.4,partly cloudy
19-09-18,0.1,36.4,28.9,16.6,rain
20-09-18,11.5,33.1,25,22.3,rain
21-09-18,8.4,32,25.5,35.3,rain
22-09-18,0,33,26,14.8,partly cloudy
23-09-18,0.9,34,27,13,rain
24-09-18,2.2,34,26.9,14.8,rain
25-09-18,7.3,34,28,18.4,rain
26-09-18,3,33.4,28,18.4,rain
27-09-18,6.4,34,26.8,16.6,rain
28-09-18,9.6,35.1,26.9,9.4,rain
29-09-18,3,35,28,14.8,rain
30-09-18,0,36,28.4,13,partly cloudy
01-10-18,0,36,27.9,14.8,clear
02-10-18,0,36,24.9,11.2,clear
03-10-18,0,36,27.2,18.4,partly cloudy
04-10-18,0,33,26.9,18.4,partly cloudy
05-10-18,0,35,26.9,11.2,partly cloudy
06-10-18,0.3,33,26,9.4,rain
07-10-18,0,35,25.1,11.2,partly cloudy
08-10-18,0,35,25.6,13,partly cloudy
09-10-18,4.5,33,26,14.8,rain
10-10-18,12.7,28.1,24.9,16.6,rain
11-10-18,43.6,27,24.6,24.1,rain
12-10-18,11.7,26.1,24,14.8,rain
13-10-18,3.6,27,23.8,22.3,rain
14-10-18,3.7,30,22.8,14.8,rain
15-10-18,0.2,32,23.1,11.2,rain
16-10-18,0,32.2,23.1,11.2,partly cloudy
17-10-18,0,32,22.9,11.2,partly cloudy
18-10-18,0.8,33,23.7,13,rain
19-10-18,1.2,33.2,23.7,9.4,rain
20-10-18,0,33,24,11.2,partly cloudy
21-10-18,0,32.4,23.1,13,clear
22-10-18,0,33,23.6,14.8,clear
23-10-18,0,32,23.9,18.4,clear
24-10-18,0,32,22.9,16.6,clear
25-10-18,0,32,24,14.8,clear
26-10-18,0,31.4,21.5,7.6,clear
27-10-18,0,33,22.9,13,partly cloudy
28-10-18,2.8,26,22.4,22.3,rain
29-10-18,5.1,26,21.6,13,rain
30-10-18,2.3,30,22.4,18.4,rain
31-10-18,0.2,32,23.6,14.8,rain
01-11-18,0,33,23,14.8,partly cloudy
02-11-18,0,32,24,11.2,partly cloudy
03-11-18,2.3,33,24,11.2,rain
04-11-18,0.9,32,24,14.8,rain
05-11-18,2.7,32,22,18.4,rain
06-11-18,12.3,31,22.3,13,rain
07-11-18,3.1,29.2,22,13,rain
08-11-18,0,30,22,16.6,clear
09-11-18,0,30,19.8,9.4,clear
10-11-18,0,28.1,19.2,7.6,partly cloudy
11-11-18,0,30,19.5,14.8,clear
12-11-18,0,30,19.4,11.2,partly cloudy
13-11-18,0,30,19.9,9.4,partly cloudy
14-11-18,0,29.1,19.6,9.4,clear
15-11-18,0,30.1,20.1,9.4,clear
16-11-18,0,32,22.1,11.2,clear
17-11-18,0,30,22,14.8,partly cloudy
18-11-18,0,29.4,20.4,11.2,clear
19-11-18,0,29.1,18.9,9.4,clear
20-11-18,0,28,17.8,11.2,clear
21-11-18,0,29,19.4,13,clear
22-11-18,0,29,18,14.8,clear
23-11-18,0,29,19,11.2,clear
24-11-18,0,29,18.2,11.2,clear
25-11-18,0,28.1,18.8,13,clear
26-11-18,0,30,17.7,18.4,clear
27-11-18,0,31,20,14.8,partly cloudy
28-11-18,0,31,19.1,11.9,clear
29-11-18,0,30,18,13.6,clear
30-11-18,0,28,18.2,14.8,clear
01-12-18,0,29,19.9,11.2,partly cloudy
02-12-18,0,29,17.8,18.4,partly cloudy
03-12-18,0,29,17.4,14.8,partly cloudy
04-12-18,0,28,16.9,13,clear
05-12-18,0,28,17,13,partly cloudy
06-12-18,0,28,18.8,11.2,partly cloudy
07-12-18,0,27,17,14.8,clear
08-12-18,0,27,18,16.6,partly cloudy
09-12-18,0,28,16.7,13,clear
10-12-18,0,28,16.2,13,clear
11-12-18,0,28,15.8,9.4,clear
12-12-18,0,29,16.4,13,clear
13-12-18,0,28,17,13,clear
14-12-18,0,27,19,14.8,clear
15-12-18,0,27,17,14.8,partly cloudy
16-12-18,0,28,16.2,16.6,partly cloudy
17-12-18,14.5,24,20,18.4,rain
18-12-18,16,20.1,17,18.4,rain
19-12-18,0.5,20,16,14.8,rain
20-12-18,0,23,15,13,partly cloudy
21-12-18,0,25,14,14.8,partly cloudy
22-12-18,0,25,16,16.6,partly cloudy
23-12-18,0,26,15,11.2,clear
24-12-18,0,26,15,14.8,partly cloudy
25-12-18,0,26,16,13,clear
26-12-18,0,25,14,11.2,clear
27-12-18,0,24,14,18.4,clear
28-12-18,0,24,14,14.8,clear
29-12-18,0,24,11,13,clear
30-12-18,0,24.1,11,18.4,clear
31-12-18,0,27,13,13,clear
01-01-19,0,27,15,9.4,clear
02-01-19,0,27,14.5,11.2,clear
03-01-19,0,26,13.8,14.8,clear
04-01-19,0,24.9,13.1,14.8,clear
05-01-19,0,26.1,12.9,11.2,clear
06-01-19,0,27,13.9,10.3,clear
07-01-19,0,28,13.3,9.4,clear
08-01-19,0,27,13.9,18.4,clear
09-01-19,0,25.9,14,13,clear
10-01-19,0,26,14,11.2,clear
11-01-19,0,26,13,13,clear
12-01-19,0,27,14,9.4,clear
13-01-19,0,27,14.7,13,clear
14-01-19,0,26.4,14.8,14.8,clear
15-01-19,0,26,15,18.4,clear
16-01-19,0,26,14,18.4,clear
17-01-19,0,27,15,14.8,clear
18-01-19,0,27,15,14.8,clear
19-01-19,0,25,15,11.2,clear
20-01-19,0,26,16,14.8,clear
21-01-19,0,26,16,11.2,clear
22-01-19,0,26,15,9.4,clear
23-01-19,0,28,16,9.4,clear
24-01-19,0,28,16.1,16.6,clear
25-01-19,0,28,19,14.8,clear
26-01-19,0,28.1,18,11.2,clear
27-01-19,0,28,20,14.8,partly cloudy
28-01-19,0,26,20,18.4,partly cloudy
29-01-19,0,24,18,18.4,partly cloudy
30-01-19,0,25,14,18.4,clear
31-01-19,0,25,14,9.4,clear
01-02-19,0,28,16,14.8,clear
02-02-19,0,28,16,14.8,clear
03-02-19,0,28,16,14.8,clear
04-02-19,0,28.1,16,14.8,clear
05-02-19,0,27,17,14.8,clear
06-02-19,0,27,16,14.8,clear
07-02-19,0,27,17,9.4,clear
08-02-19,0,29,17,18.4,partly cloudy
09-02-19,0.2,26,18,18.4,rain
10-02-19,0,28,18,18.4,clear
11-02-19,0,28,15,18.4,clear
12-02-19,0,28,12,14.8,clear
13-02-19,0,29,16,18.4,clear
14-02-19,0,30,17,14.8,clear
15-02-19,0,30,18,16.6,clear
16-02-19,0,26,20,18.4,partly cloudy
17-02-19,8.8,26,18,13,rain
18-02-19,0,27,16,11.2,clear
19-02-19,0,29,17,16.6,clear
20-02-19,0,30,20,18.4,partly cloudy
21-02-19,0,31,18,13,clear
22-02-19,0,30,18,14.8,clear
23-02-19,0,32,22,18.4,clear
24-02-19,0,30,21,14.8,clear
25-02-19,25.5,25,19,24.1,rain
26-02-19,20.4,26,18,18.4,rain
27-02-19,14,26,18,33.5,rain
28-02-19,51.9,24,19,18.4,rain
01-03-19,1,27,18,13,rain
02-03-19,0,27,16,18.4,clear
03-03-19,0,28,17,18.4,clear
04-03-19,0.4,26,18,11.2,rain
05-03-19,14.6,24,19,18.4,rain
06-03-19,0,28,21,13,partly cloudy
07-03-19,0,30,21,11.2,partly cloudy
08-03-19,0,30,19,25.9,partly cloudy
09-03-19,0,30,17,55.4,wind
10-03-19,0,31,18,16.6,clear
11-03-19,0,31,22,11.2,partly cloudy
12-03-19,0,33,23,16.6,partly cloudy
13-03-19,0,33,24,13,partly cloudy
14-03-19,0,33,25,14.8,partly cloudy
15-03-19,0,32,23,18.4,partly cloudy
16-03-19,1,34,25,14.8,rain
17-03-19,4.3,34,23,11.2,rain
18-03-19,11.4,29,22,22.3,rain
19-03-19,1.8,32.1,23,14.8,rain
20-03-19,1.8,33,23,14.8,rain
21-03-19,1,33,24,18.4,rain
22-03-19,2.9,33,24,22.3,rain
23-03-19,4.1,33,24,18.4,rain
24-03-19,0,34,22,14.8,clear
25-03-19,0,35,22,14.8,clear
26-03-19,0,35,22,35.3,clear
27-03-19,1.3,29,22,22.3,rain
28-03-19,0,33,21,16.6,clear
29-03-19,0,34,23,14.8,clear
30-03-19,0,33,24,18.4,partly cloudy
31-03-19,10.3,33,23,38.9,rain
01-04-19,27.2,30,19,29.5,rain
02-04-19,4.2,32,20,27.7,rain
03-04-19,4,32,20,18.4,rain
04-04-19,0,33,23,18.4,partly cloudy
05-04-19,0.1,29,26,18.4,rain
06-04-19,2,32,23,55.4,rain
07-04-19,11.2,29,22,18.4,rain
08-04-19,3.9,31,21,55.4,rain
09-04-19,18.5,32,19,29.5,rain
10-04-19,16.9,28,20,14.8,rain
11-04-19,0,32,24,29.5,partly cloudy
12-04-19,0,33,24,18.4,partly cloudy
13-04-19,0,34,23,29.5,partly cloudy
14-04-19,0,34,22,11.2,partly cloudy
15-04-19,0,34,27,18.4,partly cloudy
16-04-19,1.4,34,27,22.3,rain
17-04-19,2.7,35,24,35.3,rain
18-04-19,0,33,25,18.4,clear
19-04-19,0,35,25,14.8,partly cloudy
20-04-19,0.1,35,25,16.6,rain
21-04-19,0.2,35,24,40.7,rain
22-04-19,3.3,34,24,14.8,rain
23-04-19,0,35,25,14.8,clear
24-04-19,0,36,27,9.4,partly cloudy
25-04-19,0,37,27,14.8,clear
26-04-19,0,36,27,18.4,partly cloudy
27-04-19,0.7,34,27,29.5,rain
28-04-19,0.4,36.1,29,25.9,rain
29-04-19,0.3,36,28,31.7,rain
30-04-19,0,36,29,25.9,partly cloudy
01-05-19,0,36,28,27.7,partly cloudy
02-05-19,0.4,35,29,22.3,rain
03-05-19,23.2,32,25,29.5,rain
04-05-19,65.4,28,24,40.7,rain
05-05-19,0,34,24,22.3,partly cloudy
06-05-19,0,35,27,22.3,partly cloudy
07-05-19,0,35,28,22.3,partly cloudy
08-05-19,0,36,28,22.3,partly cloudy
09-05-19,0,35,28,27.7,partly cloudy
10-05-19,0,35,29,35.3,partly cloudy
11-05-19,0,35,29,27.7,partly cloudy
12-05-19,0.8,35,27,22.3,rain
13-05-19,2.7,36,27,31.7,rain
14-05-19,24.1,33,23,18.4,rain
15-05-19,5.1,35,27,18.4,rain
16-05-19,4.1,35,26,25.9,rain
17-05-19,14.9,35,23,74.2,rain
18-05-19,10.4,35,24,22.3,rain
19-05-19,5.2,34,26,33.5,rain
20-05-19,1,35,26,40.7,rain
21-05-19,0.7,35,27,22.3,rain
22-05-19,3.3,35,25,37.1,rain
23-05-19,41.1,33,23,18.4,rain
24-05-19,44.4,33,26,27.7,rain
25-05-19,42.7,28,22,34.7,rain
26-05-19,19.1,34.9,26,16.6,rain
27-05-19,2.3,36,28.6,25.9,rain
28-05-19,3.2,35.9,25,22.3,rain
29-05-19,0.8,35.7,27.9,22.3,rain
30-05-19,0,35,28.7,20.5,partly cloudy
31-05-19,10,35,26,27.7,rain
01-06-19,32.3,32,23,18.1,rain
02-06-19,25.8,29.2,23,35.2,rain
03-06-19,23.4,30,25.5,22.3,rain
04-06-19,24.7,30.4,25.8,22.3,rain
05-06-19,23.8,28,24.6,18.4,rain
06-06-19,15.4,34,25,15,rain
07-06-19,7.9,32,25.9,24.1,rain
08-06-19,12.3,33,26.8,18.4,rain
09-06-19,10.2,31,27,18.4,rain
10-06-19,1.6,35.1,27.8,16.6,rain
11-06-19,0,35,28,11.2,partly cloudy
12-06-19,0,36,28,13,partly cloudy
13-06-19,0,35,27.9,14.8,partly cloudy
14-06-19,6.2,32,29.5,16.6,rain
15-06-19,19.4,30,26,14.8,rain
16-06-19,10.8,34.9,26,24.1,rain
17-06-19,13.9,34.4,25,21.5,rain
18-06-19,9.4,35,25.6,18.4,rain
19-06-19,0.9,37,28.2,13,rain
20-06-19,2.9,33.7,26,22.3,rain
21-06-19,8.1,33.8,28,37.1,rain
22-06-19,18.4,33,27,18.4,rain
23-06-19,3.1,35.8,27,14.8,rain
24-06-19,0,36,28.7,18.4,partly cloudy
25-06-19,0.2,36,29,22.3,rain
26-06-19,2.4,35,28.9,24.1,rain
27-06-19,6.4,32,27,33.5,rain
28-06-19,8.5,32.4,26.9,27.7,rain
29-06-19,27.4,34.2,26.9,16.6,rain
30-06-19,12.6,34.1,28,14.8,rain
01-07-19,9.5,34,28,29.5,rain
02-07-19,16.4,31,26,35.3,rain
03-07-19,5.2,33,26,25.9,rain
04-07-19,10.4,34.4,28,18.4,rain
05-07-19,14.8,33.4,28,27.7,rain
06-07-19,17.2,30,27.4,25.9,rain
07-07-19,46.3,31,26.9,18.4,rain
08-07-19,93.4,31,27,18.4,rain
09-07-19,113.4,32,28,20.5,rain
10-07-19,101.5,32.1,28,25.9,rain
11-07-19,69.6,32,26,25.9,rain
12-07-19,33.6,31,25.8,18.4,rain
13-07-19,65,34,26.6,22.3,rain
14-07-19,46.1,29,24.9,25.9,rain
15-07-19,36.6,29.7,25,27.7,rain
16-07-19,2.9,34,26.8,27.7,rain
17-07-19,1.1,35,27,11.2,rain
18-07-19,7.4,34,28,14.8,rain
19-07-19,32.8,34,28.5,22.3,rain
20-07-19,5.8,35.1,28,18.4,rain
21-07-19,2.4,36,28.7,16.6,rain
22-07-19,7.7,35,29,22.3,rain
23-07-19,11.2,35.2,29,24.1,rain
24-07-19,11.4,34,28,20.5,rain
25-07-19,23.9,33,26.9,13,rain
26-07-19,73,29.2,26.9,18.4,rain
27-07-19,36.2,31,26,22.3,rain
28-07-19,12.8,32,26.9,29.5,rain
29-07-19,19.3,33,27.4,25.9,rain
30-07-19,29.5,31.2,27,18.4,rain
31-07-19,28.5,32,27.7,22.3,rain
01-08-19,9.5,33,26.9,18.4,rain
02-08-19,5.1,33.6,26,22.3,rain
03-08-19,14.9,33,27.6,20.5,rain
04-08-19,5.8,34.1,27.9,16.6,rain
05-08-19,5.6,36,28.9,14.8,rain
06-08-19,17.8,35.1,28,20.5,rain
07-08-19,67.2,33.1,27,37.1,rain
08-08-19,55.6,30,26,27.7,rain
09-08-19,43.6,34,26.8,18.4,rain
10-08-19,7.2,36,27.6,14.8,rain
11-08-19,7.3,35,28.4,11.2,rain
12-08-19,51.5,35,26,25.9,rain
13-08-19,107.8,31,26,22.3,rain
14-08-19,102.3,28.1,26.4,18.4,rain
15-08-19,65.1,32,27,22.3,rain
16-08-19,12.1,33.2,26,18.4,rain
17-08-19,55.2,33,27,18.4,rain
18-08-19,13.8,32,27.2,29.5,rain
19-08-19,2.1,34.6,27.5,18.4,rain
20-08-19,6.4,34,28.2,13,rain
21-08-19,5.6,35,27.8,11.2,rain
22-08-19,21.7,35,27.1,22.3,rain
23-08-19,4.7,32.6,26,16.6,rain
24-08-19,20.5,31.9,26,22.3,rain
25-08-19,8.6,34,26,18.4,rain
26-08-19,6,34.2,28,18.4,rain
27-08-19,6,34,27,24.1,rain
28-08-19,2.8,32.8,28,18.4,rain
29-08-19,0.4,35.1,26.5,18.4,rain
30-08-19,0.1,36.1,28.2,13,rain
31-08-19,8.9,33,29,16.6,rain
01-09-19,21.9,36,28,14.8,rain
02-09-19,3.4,33.7,25,18.4,rain
03-09-19,11.2,34.1,27,24.1,rain
04-09-19,6.5,33.1,28.4,27.7,rain
05-09-19,6.5,33.1,27.8,27.7,rain
06-09-19,9.3,32.9,27.4,29.5,rain
07-09-19,21.8,31.2,27.4,22.3,rain
08-09-19,38.7,32.2,27.4,24.1,rain
09-09-19,28.2,32,27,18.4,rain
10-09-19,40.7,34,27,14.8,rain
11-09-19,19.1,33,27.6,22.3,rain
12-09-19,52.3,31,27,27.7,rain
13-09-19,37.9,29,26.7,16.6,rain
14-09-19,8.4,33.7,27,14.8,rain
15-09-19,1.1,34.2,27.4,14.8,rain
16-09-19,2.2,34,26,14.8,rain
17-09-19,2.2,34.7,27.9,18.4,rain
18-09-19,4.3,35,27.6,14.8,rain
19-09-19,0.3,36,27.2,11.2,rain
20-09-19,3.9,35,28,22.3,rain
21-09-19,6.6,35,28,18.4,rain
22-09-19,9.2,32.1,26.4,27.7,rain
23-09-19,10.1,32.9,26,22.3,rain
24-09-19,35.4,31.2,25.8,18.4,rain
25-09-19,16.9,30,24.5,14.8,rain
26-09-19,17.8,31,24.8,14.8,rain
27-09-19,2.7,32,25.4,16.6,rain
28-09-19,4.9,30,25.9,14.8,rain
29-09-19,16.4,31,24.9,13,rain
30-09-19,30.6,30,24.9,13,rain
01-10-19,33.6,29.7,25.8,14.8,rain
02-10-19,16.3,32.6,26,18.4,rain
03-10-19,10.3,33,26,18.4,rain
04-10-19,2.1,34,26.4,11.2,rain
05-10-19,4.7,35,26.7,14.8,rain
06-10-19,8,33,26.8,14.8,rain
07-10-19,9.8,32,25.9,13,rain
08-10-19,7.5,32,25.8,22.3,rain
09-10-19,14.9,33,26,14.8,rain
10-10-19,40.4,29,24.7,14.8,rain
11-10-19,25.2,33,24.8,11.2,rain
12-10-19,6.6,33,25.1,11.2,rain
13-10-19,0,32.9,25.2,14.8,partly cloudy
14-10-19,0,33,25.2,14.8,partly cloudy
15-10-19,0,33.6,25.5,14.8,partly cloudy
16-10-19,6.8,31,25,20.5,rain
17-10-19,9.1,33.2,25.1,9.4,rain
18-10-19,4.3,35,26,14.8,rain
19-10-19,0,34,27,11.2,clear
20-10-19,0,34,26,14.8,clear
21-10-19,2.1,33,26,14.8,rain
22-10-19,2.8,33,26,11.2,rain
23-10-19,9.1,31,27,14.8,rain
24-10-19,8.3,27,22,18.4,rain
25-10-19,12.6,26,22,18.4,rain
26-10-19,42.1,27,23.7,14.8,rain
27-10-19,6.8,29,23,18.4,rain
28-10-19,0.7,30.4,22.2,16.6,rain
29-10-19,0,31.4,22.7,11.2,clear
30-10-19,0,32,22.8,14.8,partly cloudy
31-10-19,0,32,23.2,14.8,partly cloudy
01-11-19,0,33,23.9,13,partly cloudy
02-11-19,0,32.6,23.6,13,partly cloudy
03-11-19,0,32,23,11.2,partly cloudy
04-11-19,0,32,22.4,18.4,partly cloudy
05-11-19,0,31,23.4,9.4,partly cloudy
06-11-19,0,31,23.5,14.8,partly cloudy
07-11-19,0,31,21.2,13,partly cloudy
08-11-19,10.8,28.4,22.2,11.2,rain
09-11-19,62.7,26,23,22.3,rain
10-11-19,119.7,25,22.9,37.1,rain
11-11-19,22,31,23.1,22.3,rain
12-11-19,5.3,31,22,14.8,rain
13-11-19,0,32,22.2,11.2,partly cloudy
14-11-19,0,32.1,21.8,11.2,clear
15-11-19,0,33,21.4,13,clear
16-11-19,0,31,21.8,11.2,partly cloudy
17-11-19,0,30.2,21,14.8,partly cloudy
18-11-19,0,30,20.4,7.6,clear
19-11-19,0,29.1,20.2,9.4,partly cloudy
20-11-19,0,30,19.6,11.2,clear
21-11-19,0,30,19.2,11.2,partly cloudy
22-11-19,0,28.6,19.4,9.4,partly cloudy
23-11-19,0,30,19.3,13,partly cloudy
24-11-19,0,29,19.8,11.2,clear
25-11-19,0,28.4,20,11.2,clear
26-11-19,0,30,20.1,9.4,clear
27-11-19,0,29.9,19.6,11.2,clear
28-11-19,0,31,19.6,9.4,clear
29-11-19,0,30.6,19.6,9.4,clear
30-11-19,0,31,19.5,14.8,clear
01-12-19,0,29,20,16.6,partly cloudy
02-12-19,0,29,17.9,9.4,partly cloudy
03-12-19,0,27,16.8,9.4,clear
04-12-19,0,27,17,11.2,clear
05-12-19,0,30.1,17,18.4,clear
06-12-19,0,30.4,18.7,14.8,partly cloudy
07-12-19,0,30,17.9,11.2,clear
08-12-19,0,29,19,9.4,partly cloudy
09-12-19,0,27,19,11.2,partly cloudy
10-12-19,0,28,17.7,14.8,clear
11-12-19,0,27,17,14.8,partly cloudy
12-12-19,0,27,17,11.2,clear
13-12-19,0,27,15.9,8.3,clear
14-12-19,0,28,16.5,14.8,clear
15-12-19,0,27.6,17,13,clear
16-12-19,0,28,18,11.2,partly cloudy
17-12-19,0,26,16,14.8,partly cloudy
18-12-19,0,20,15.9,18.4,partly cloudy
19-12-19,0,17,13,11.2,partly cloudy
20-12-19,0,18,14,11.2,partly cloudy
21-12-19,0,17,12.1,13.2,partly cloudy
22-12-19,0,18,13,9.4,partly cloudy
23-12-19,0,21.6,14.5,13,partly cloudy
24-12-19,0,22,13,13,partly cloudy
25-12-19,0,21,12,11.5,partly cloudy
26-12-19,0,21,13.4,9.4,partly cloudy
27-12-19,26.1,20,15,18.4,rain
28-12-19,0,21,13.7,16.6,partly cloudy
29-12-19,0,25,13,13,clear
30-12-19,0,26,13,11.2,partly cloudy
31-12-19,0,27.2,13,14.8,clear
01-01-20,0,28,15.5,0.76,cloudy
02-01-20,0,28,16.4,1.12,cloudy
03-01-20,71.1,21,17.4,1.84,rain
04-01-20,20.3,23.3,17,0.94,rain
05-01-20,11.5,22.8,16,1.3,rain
06-01-20,0,22.3,14.4,1.84,sunny
07-01-20,0,18,12.4,1.48,cloudy
08-01-20,0,22,14,1.12,cloudy
09-01-20,0.2,22,16,0.94,rain
10-01-20,1,24,16,1.48,rain
11-01-20,1.2,18.1,14,1.48,rain
12-01-20,0,18,14,1.66,cloudy
13-01-20,0,22,12,0.76,cloudy
14-01-20,0,23,13,0.54,cloudy
15-01-20,0,25,15,1.12,cloudy
16-01-20,0,27,15,0.94,cloudy
17-01-20,0,29,16,1.12,sunny
18-01-20,0,29,18,0.94,sunny
19-01-20,0,27,17,1.84,cloudy
20-01-20,0,23,16,1.66,cloudy
21-01-20,0,24,14,1.3,sunny
22-01-20,0,24,14,1.3,sunny
23-01-20,0,24,16,1.12,cloudy
24-01-20,0,25,14,1.48,sunny
25-01-20,0,24,13,1.12,sunny
26-01-20,0,24,13,1.84,sunny
27-01-20,0,23,13,1.12,cloudy
28-01-20,0,24,14,0.54,cloudy
29-01-20,0.2,28.1,17,1.12,rain
30-01-20,0,24,17,1.12,cloudy
31-01-20,0,25,18,1.48,cloudy
01-02-20,0,25,15,1.48,sunny
02-02-20,0,24,15,1.84,sunny
03-02-20,0,24,13,1.66,sunny
04-02-20,0,25,14,1.48,sunny
05-02-20,0,26,15,1.48,cloudy
06-02-20,0,25,15,1.48,sunny
07-02-20,0,25,17,1.48,cloudy
08-02-20,0,24,17,1.66,cloudy
09-02-20,0,28,17,1.84,cloudy
10-02-20,0.3,27,15,1.84,rain
11-02-20,0,27,15,1.84,sunny
12-02-20,0,27,16,1.84,sunny
13-02-20,0,26,14,1.48,sunny
14-02-20,0,27,16,1.12,sunny
15-02-20,0,29,19,1.48,cloudy
16-02-20,0,29,18,1.48,cloudy
17-02-20,0,29,18,1.84,sunny
18-02-20,0,29,17,1.66,sunny
19-02-20,0,30,17.2,1.48,sunny
20-02-20,0,30,18,0.94,cloudy
21-02-20,0,31,17,1.84,cloudy
22-02-20,0,31.2,17.5,1.12,sunny
23-02-20,0,31.2,18.7,1.12,cloudy
24-02-20,0,29,19.7,1.66,cloudy
25-02-20,0.8,24,19.9,1.48,rain
26-02-20,2,27,18,1.48,rain
27-02-20,0.2,26.1,17.1,0.94,rain
28-02-20,0,30,15.6,1.84,sunny
29-02-20,0,32,15.8,1.3,sunny
01-03-20,0,31.1,18,1.3,sunny
02-03-20,0.5,31,19.7,1.48,rain
03-03-20,19.8,30,19,3.35,rain
04-03-20,18.8,30.2,20.5,2.05,rain
05-03-20,3.3,30,19.7,2.05,rain
06-03-20,0.8,31,20,1.84,rain
07-03-20,2.8,28.1,21,2.23,rain
08-03-20,2,29.4,19.3,1.12,rain
09-03-20,0,30,18.8,1.3,cloudy
10-03-20,0,31,17.3,1.48,sunny
11-03-20,0,32,18.9,1.84,cloudy
12-03-20,0,33.1,21,1.12,cloudy
13-03-20,0,33.4,23,1.48,sunny
14-03-20,0,33,23,2.77,cloudy
15-03-20,0,33,20.9,2.23,cloudy
16-03-20,0,33,21.9,1.66,cloudy
17-03-20,0,32,22,1.48,cloudy
18-03-20,0,32,21.9,1.3,cloudy
19-03-20,0,32.4,19.9,1.3,cloudy
20-03-20,0,33,23,2.23,cloudy
21-03-20,0,34,20.2,1.66,cloudy
22-03-20,1.4,31,21,1.84,rain
23-03-20,0,31,19.9,0.94,cloudy
24-03-20,1.3,32,21,0.94,rain
25-03-20,0.7,34,21.4,1.84,rain
26-03-20,2.1,35,23,1.48,rain
27-03-20,0,35.9,23.6,1.84,sunny
28-03-20,0,36,25.5,2.23,sunny
29-03-20,0,36,24,1.84,sunny
30-03-20,0,35,24,1.84,sunny
31-03-20,0,36,22.1,1.84,cloudy
01-04-20,0,37,22.7,1.48,sunny
02-04-20,0.7,37,24,2.23,rain
03-04-20,10.3,34.7,24,2.59,rain
04-04-20,14,36,23.6,1.48,rain
05-04-20,13.2,36.1,25,1.84,rain
06-04-20,6.7,38,23.7,2.23,rain
07-04-20,6.8,38,25.4,2.23,rain
08-04-20,0,32,26.2,1.84,cloudy
09-04-20,0,36,25.1,1.48,cloudy
10-04-20,0,37,24.7,1.84,cloudy
11-04-20,0.3,37,23,3.17,rain
12-04-20,0.4,31.2,21.8,3.35,rain
13-04-20,0.3,34.1,24.1,1.3,rain
14-04-20,0,35.7,26,1.12,cloudy
15-04-20,0.9,33.3,24,3.71,rain
16-04-20,2.5,33.8,21,1.84,rain
17-04-20,1.6,33,26,2.23,rain
18-04-20,24.4,34.4,25,2.23,rain
19-04-20,29.7,35,22.7,2.95,rain
20-04-20,27.5,32,22.4,2.23,rain
21-04-20,12,30.4,24,2.59,rain
22-04-20,1.7,32.7,23,1.84,rain
23-04-20,13.1,32,23.5,1.84,rain
24-04-20,33.9,30.2,22,24.48,rain
25-04-20,42.4,31,22.3,1.84,rain
26-04-20,33.5,31,22,1.84,rain
27-04-20,15.4,32,21.8,1.3,rain
28-04-20,19,30,23.6,1.84,rain
29-04-20,15.7,31,23.1,1.48,rain
30-04-20,14.4,32,23,2.95,rain
01-05-20,18.7,29,24,13.72,rain
02-05-20,12.8,30,23,2.23,rain
03-05-20,17.8,31.3,23,1.48,rain
04-05-20,10.4,35,24.8,1.12,rain
05-05-20,46.7,35,25,1.84,rain
06-05-20,29.2,31,23,2.95,rain
07-05-20,7,33,22.5,2.95,rain
08-05-20,5.8,34,22.1,1.84,rain
09-05-20,15.7,34.4,24.2,2.09,rain
10-05-20,12.9,34.8,25,2.05,rain
11-05-20,1.1,34.3,25,1.84,rain
12-05-20,0.3,34.9,25,0.76,rain
13-05-20,0,34,25,2.95,cloudy
14-05-20,8.3,34.1,24,2.23,rain
15-05-20,12.2,34,26,1.84,rain
16-05-20,13.6,35,24,2.23,rain
17-05-20,5.3,34.7,26.6,2.77,rain
18-05-20,0,35.9,27,1.84,cloudy
19-05-20,2.5,34,27,7.96,rain
20-05-20,42,28,24.1,3.35,rain
21-05-20,26.1,30.1,22.1,4.64,rain
22-05-20,22.3,31.5,25.1,2.77,rain
23-05-20,2.5,33.7,27.5,2.59,rain
24-05-20,0,33.2,27,2.95,cloudy
25-05-20,0,33,28,3.71,cloudy
26-05-20,5.5,33,27,4.64,rain
27-05-20,79.6,30,22.2,4.25,rain
28-05-20,45.7,31,22.9,2.23,rain
29-05-20,21.5,33.4,25.2,2.23,rain
30-05-20,16.3,31.7,25,2.23,rain
31-05-20,14.1,34.4,26.5,2.23,rain
01-06-20,7.8,34.1,25,2.23,rain
02-06-20,10.2,34.4,25,2.77,rain
03-06-20,12.7,32.7,26,2.59,rain
04-06-20,26.9,33.7,24,3.71,rain
05-06-20,9.6,32.5,24,1.84,rain
06-06-20,18.4,32.7,25.6,2.23,rain
07-06-20,14.8,36,26,1.84,rain
08-06-20,14.6,31.8,26,2.23,rain
09-06-20,9.3,35.1,27.2,1.48,rain
10-06-20,11.6,33,26,1.3,rain
11-06-20,36.3,29.2,27,1.84,rain
12-06-20,18.1,32,27,1.12,rain
13-06-20,34.6,29,26,1.84,rain
14-06-20,12.7,32.2,27,1.84,rain
15-06-20,15.6,34,28,2.59,rain
16-06-20,22.4,35,27,2.77,rain
17-06-20,41,28.7,26.7,2.48,rain
18-06-20,27.3,31,26.8,2.23,rain
19-06-20,17.2,30,26,1.84,rain
20-06-20,16,32.6,27,2.23,rain
21-06-20,12.5,30.4,27.6,2.23,rain
22-06-20,9.8,32,27.4,2.77,rain
23-06-20,13.5,33,28,2.23,rain
24-06-20,6.4,34.1,29,2.77,rain
25-06-20,3.4,35,28.6,2.59,rain
26-06-20,4.1,32.3,28.7,3.17,rain
27-06-20,27.3,33,28.8,3.35,rain
28-06-20,5.4,32,26,2.95,rain
29-06-20,12.9,34,27,2.23,rain
30-06-20,9.4,32.6,27.5,1.48,rain
01-07-20,6.4,36,28,2.77,rain
02-07-20,3,36,28,2.23,rain
03-07-20,1.3,33.8,28,1.84,rain
04-07-20,10.3,32.3,27,1.3,rain
05-07-20,19.1,32,26,1.84,rain
06-07-20,14,31,27,2.95,rain
07-07-20,19.2,32.2,27.9,2.95,rain
08-07-20,10.5,33.5,27.9,2.23,rain
09-07-20,17.7,32.4,27.7,2.95,rain
10-07-20,19.7,32.4,27,18.9,rain
11-07-20,43.9,32,27,2.77,rain
12-07-20,38,30.8,26.5,3.35,rain
13-07-20,15.7,32.2,26.4,1.3,rain
14-07-20,10.6,31,27,1.66,rain
15-07-20,11.1,32,27.1,2.59,rain
16-07-20,5.4,34,27,2.23,rain
17-07-20,3.7,33,27.5,1.84,rain
18-07-20,13.9,33.1,28.1,3.71,rain
19-07-20,22.2,33,28.6,2.95,rain
20-07-20,29.4,29.3,26,3.35,rain
21-07-20,35.2,28,25.9,2.59,rain
22-07-20,39,31,26,2.77,rain
23-07-20,13.4,30.4,27,1.84,rain
24-07-20,14.8,31.1,27.8,1.84,rain
25-07-20,1.9,33,27,3.81,rain
26-07-20,1.1,35,28.5,1.84,rain
27-07-20,9.1,32.9,28.9,1.48,rain
28-07-20,20.9,32,27.4,2.23,rain
29-07-20,14.4,32,25.9,2.23,rain
30-07-20,3,34,27.6,1.84,rain
31-07-20,3.6,34.1,28.4,1.84,rain
01-08-20,1.7,33.5,28,1.84,rain
02-08-20,7.2,34,28,1.12,rain
03-08-20,7.9,35.8,27.7,1.12,rain
04-08-20,22.4,30.9,28,1.3,rain
05-08-20,23.5,32.8,27.6,2.23,rain
06-08-20,13.3,34,27.9,2.59,rain
07-08-20,10.8,32.4,28,1.84,rain
08-08-20,8.3,35,28.4,2.59,rain
09-08-20,2.5,33,28,1.84,rain
10-08-20,4,33.5,28,2.23,rain
11-08-20,36.7,33.4,28,1.84,rain
12-08-20,16.2,31.6,29.1,2.59,rain
13-08-20,2.1,34,27.6,1.84,rain
14-08-20,5.3,34,28,2.77,rain
15-08-20,36.7,31,26.4,2.23,rain
16-08-20,19.3,30,26.6,2.77,rain
17-08-20,33.9,31,26,1.84,rain
18-08-20,18.9,30.3,27.1,1.84,rain
19-08-20,12.3,31,27.4,2.41,rain
20-08-20,27.5,28,26.4,2.77,rain
21-08-20,22.3,30,26,1.84,rain
22-08-20,33.8,29,26,1.84,rain
23-08-20,17.1,32,27.2,1.48,rain
24-08-20,23.7,33.1,27,1.48,rain
25-08-20,12.9,32.8,26.8,2.59,rain
26-08-20,5.4,31,27,3.35,rain
27-08-20,10.4,33,27.6,1.84,rain
28-08-20,11.4,32,27.9,1.48,rain
29-08-20,14.8,31,27,2.23,rain
30-08-20,5.1,33.7,28,2.41,rain
31-08-20,10.9,32.5,28.7,1.48,rain
01-09-20,11.8,30.3,26.8,1.84,rain
02-09-20,20.1,34,27,2.23,rain
03-09-20,3.9,34.1,27.4,1.48,rain
04-09-20,2.2,35,28.5,1.84,rain
05-09-20,0,34.1,29.2,1.84,cloudy
06-09-20,0.7,33.7,28.7,2.59,rain
07-09-20,3.4,32,28,1.84,rain
08-09-20,4.1,33,27,1.84,rain
09-09-20,3.7,31.9,27.6,1.12,rain
10-09-20,20.9,30.5,28,2.23,rain
11-09-20,13.8,31.4,27.9,1.66,rain
12-09-20,8.1,33.6,26,1.66,rain
13-09-20,12.7,32.8,27.8,1.84,rain
14-09-20,7.4,32.2,27,2.05,rain
15-09-20,13.1,33,27.8,1.84,rain
16-09-20,7.9,32.7,28,2.77,rain
17-09-20,9.6,33.2,28,2.77,rain
18-09-20,1,31.8,26.9,1.66,rain
19-09-20,2,34.9,27.8,1.3,rain
20-09-20,12.3,34.1,26,2.77,rain
21-09-20,26.8,31.1,26,1.84,rain
22-09-20,26.7,31,27.9,1.84,rain
23-09-20,41.9,30.5,27,2.41,rain
24-09-20,31.4,30,26.4,2.95,rain
25-09-20,29.9,30,27.6,1.84,rain
26-09-20,50.9,31.1,27,2.77,rain
27-09-20,38.1,30.1,27.3,1.84,rain
28-09-20,7.3,33.3,26.4,1.12,rain
29-09-20,1.2,32.4,26.3,0.94,rain
30-09-20,4.7,34,27.3,1.12,rain
01-10-20,19.8,31.5,27.6,1.48,rain
02-10-20,9.9,32.1,27,2.23,rain
03-10-20,14.5,31.9,27,0.94,rain
04-10-20,8.1,32.1,26,1.3,rain
05-10-20,17.3,31.6,27.1,1.84,rain
06-10-20,29.5,31.2,26.9,2.23,rain
07-10-20,10.7,32.4,27.6,1.84,rain
08-10-20,1.4,32.5,26.6,0.76,rain
09-10-20,0,33.9,27,1.3,cloudy
10-10-20,0,34.4,27.8,1.48,cloudy
11-10-20,1.6,33.9,28,1.48,rain
12-10-20,4.8,31.3,27.3,0.97,rain
13-10-20,7.4,32.6,27.2,1.48,rain
14-10-20,10.3,33.1,26.5,1.3,rain
15-10-20,4,33.4,26.3,1.12,rain
16-10-20,2,34.2,27.4,1.12,rain
17-10-20,1.7,34.7,27.2,1.48,rain
18-10-20,9.8,32.6,27,1.48,rain
19-10-20,2.9,32.5,27,1.3,rain
20-10-20,5.3,34,27.8,1.84,rain
21-10-20,17.1,33,26.5,1.48,rain
22-10-20,101.7,29,24.7,1.84,rain
23-10-20,119.6,27,24.3,2.41,rain
24-10-20,7.2,28,25,1.84,rain
25-10-20,7.2,32,25.3,1.48,rain
26-10-20,0.3,31.6,24.6,0.54,rain
27-10-20,0,32,25.2,1.84,sunny
28-10-20,0,32.7,26,0.76,sunny
29-10-20,0.1,33.7,25,1.12,rain
30-10-20,4.4,34.2,26,0.94,rain
31-10-20,44.1,30.4,25.4,2.41,rain
01-11-20,37.1,30.2,25,1.48,rain
02-11-20,9.3,30.5,24.6,1.12,rain
03-11-20,12.3,31,25.5,0.94,rain
04-11-20,13,32,24.8,1.3,rain
05-11-20,0,31.1,21.5,0.94,sunny
06-11-20,0,30.5,19.4,1.84,sunny
07-11-20,0,30.3,20.1,0.76,sunny
08-11-20,0,31.7,20.5,1.12,sunny
09-11-20,0,31.7,21.2,0.76,sunny
10-11-20,0,32.6,22.1,1.48,sunny
11-11-20,0,32.9,22.3,1.48,sunny
12-11-20,0,32.1,22.2,0.94,sunny
13-11-20,0,32.4,22.9,0.94,sunny
14-11-20,0,32,23.3,1.48,sunny
15-11-20,0,32,22.5,1.84,sunny
16-11-20,0,31,21.3,1.48,sunny
17-11-20,0,31,23,0.94,sunny
18-11-20,0,29.4,20.5,1.12,sunny
19-11-20,0,30.1,21.9,0.76,cloudy
20-11-20,0,29.1,22,1.48,cloudy
21-11-20,11.8,28,22.1,0.76,rain
22-11-20,6.1,27.4,21.3,1.48,rain
23-11-20,0.3,27.1,18.5,1.3,rain
24-11-20,0,28,17.2,0.94,cloudy
25-11-20,0,28,17.7,0.94,cloudy
26-11-20,0,27,18.7,0.94,cloudy
27-11-20,0,28,18.5,1.12,cloudy
28-11-20,0,28.7,19.7,1.3,cloudy
29-11-20,0,30,21,1.66,sunny
30-11-20,0,29,20,1.3,sunny
01-12-20,0,28.9,18.9,0.76,sunny
02-12-20,0,28.1,18.9,1.48,cloudy
03-12-20,0,27.4,18.7,1.12,cloudy
04-12-20,0,29,19.4,1.3,sunny
05-12-20,0,27.1,18,0.76,cloudy
06-12-20,0,28,20,0.94,cloudy
07-12-20,0,27.6,19.5,0.94,cloudy
08-12-20,0,27,19.4,1.12,cloudy
09-12-20,0,23,18,1.12,fog
10-12-20,0,24,17.8,1.12,cloudy
11-12-20,0,22,17,0.94,cloudy
12-12-20,0,24,17.5,0.94,cloudy
13-12-20,0,24.8,17.2,0.76,cloudy
14-12-20,0,26,17.9,1.12,sunny
15-12-20,0,25,17.2,1.48,cloudy
16-12-20,0,26.6,17.9,1.3,cloudy
17-12-20,0,24.9,17,1.12,sunny
18-12-20,0,25,17.4,1.12,sunny
19-12-20,0,24.2,16.3,1.3,sunny
20-12-20,0,24,15,1.12,sunny
21-12-20,0,24.5,14,0.76,sunny
22-12-20,0,24.2,13.4,0.94,sunny
23-12-20,0.9,24.7,14.4,0.76,rain
24-12-20,0,26.1,15.4,0.54,cloudy
25-12-20,0,25.7,15.9,1.48,sunny
26-12-20,0,26,15.8,1.12,sunny
27-12-20,0,24.2,14,1.48,sunny
28-12-20,0,24.6,14,1.3,sunny
29-12-20,0,25,15.4,1.84,sunny
30-12-20,0,26,16,1.84,cloudy
31-12-20,0,26.1,16,0.94,sunny
01-01-21,0,26.5,14.7,1.48,sunny
02-01-21,0,25.4,15.5,1.3,sunny
03-01-21,0,26.6,15.7,1.12,sunny
04-01-21,0,27.6,15.4,0.76,sunny
05-01-21,0,28,15.5,0.76,sunny
06-01-21,0,28.9,16.5,1.12,sunny
07-01-21,0,28.4,18.5,1.3,sunny
08-01-21,0,29,18.1,1.12,sunny
09-01-21,0,27.1,19.5,1.48,cloudy
10-01-21,0,27.6,17.8,1.3,cloudy
11-01-21,0,27.7,19.1,0.54,cloudy
12-01-21,0,26,18,1.84,cloudy
13-01-21,0,24,16.5,1.3,cloudy
14-01-21,0,24.2,16,1.48,cloudy
15-01-21,3.6,26,14.1,1.12,rain
16-01-21,0,27,14.3,0.94,sunny
17-01-21,0,24,14,1.12,sunny
18-01-21,0,24,13.8,1.12,sunny
19-01-21,0,24,16,1.48,cloudy
20-01-21,0.5,23.1,17,1.12,rain
21-01-21,0,25.1,15.9,1.33,cloudy
22-01-21,0.3,24.1,15,1.12,rain
23-01-21,0,24,14,0.76,cloudy
24-01-21,0,24,15,0.94,cloudy
25-01-21,0,25,13.3,1.15,cloudy
26-01-21,0,25.1,17,1.48,sunny
27-01-21,0,24,14,1.48,sunny
28-01-21,0,24,14,1.84,cloudy
29-01-21,0,25,15,1.84,cloudy
30-01-21,0,25,16,1.48,cloudy
31-01-21,0,25,14,1.48,sunny
01-02-21,0,22,12,1.48,sunny
02-02-21,0,24.1,14.8,1.84,sunny
03-02-21,0,26.1,14,1.48,sunny
04-02-21,0,26,16,1.12,sunny
05-02-21,0,28,17,1.48,sunny
06-02-21,0,28,17,1.84,sunny
07-02-21,0.2,26,18,1.84,rain
08-02-21,0,26,16,1.84,sunny
09-02-21,0,29,16,1.48,sunny
10-02-21,0,27,17,1.84,sunny
11-02-21,0,26,17,0.94,cloudy
12-02-21,0,26,18.1,0.86,cloudy
13-02-21,0,27,18,1.48,cloudy
14-02-21,0,28,17.1,1.84,sunny
15-02-21,0,27,18,1.12,cloudy
16-02-21,0,27,19,1.3,sunny
17-02-21,0,27,19,1.84,cloudy
18-02-21,0,26,19,1.3,sunny
19-02-21,0,28,19,1.3,cloudy
20-02-21,0,27,19.2,1.84,cloudy
21-02-21,0,31,19.6,2.23,cloudy
22-02-21,0,29.6,20,1.84,cloudy
23-02-21,0,29.6,17,1.48,sunny
24-02-21,0,30.1,19,1.84,sunny
25-02-21,0,31.2,20.4,2.23,cloudy
26-02-21,0,31,21,1.84,sunny
27-02-21,0,32,22,1.84,sunny
28-02-21,0,33.2,22.7,2.23,sunny
01-03-21,0,33,23.9,1.84,cloudy
02-03-21,0,31,18.4,1.84,sunny
03-03-21,0,32.2,22,1.84,sunny
04-03-21,0,32,22,2.59,sunny
05-03-21,0,32,22,2.23,sunny
06-03-21,0,33,22,2.23,cloudy
07-03-21,0.2,31,23,1.84,rain
08-03-21,0,31,24,7.82,wind
09-03-21,0,31,26,1.84,cloudy
10-03-21,0.1,31,24,1.84,rain
11-03-21,4,32,24,1.48,rain
12-03-21,7.9,33,25,1.12,rain
13-03-21,0.2,33,25,5.54,rain
14-03-21,0.6,31,23,1.84,rain
15-03-21,0.6,32,23,1.66,rain
16-03-21,0,33,23,1.12,cloudy
17-03-21,0,32,23,2.05,sunny
18-03-21,0,34,25,0.94,sunny
19-03-21,0,32,26,1.84,cloudy
20-03-21,0,34,24,2.23,cloudy
21-03-21,0,35,24,0.94,cloudy
22-03-21,0,35,26,1.84,cloudy
23-03-21,0,34,25,1.12,sunny
24-03-21,0,34,28,1.48,sunny
25-03-21,0,36,27,1.84,cloudy
26-03-21,0,36,26,1.48,cloudy
27-03-21,0,35,26,1.84,sunny
28-03-21,0,35,25,2.23,cloudy
29-03-21,0,35,28,2.95,cloudy
30-03-21,0,36,27,3.71,cloudy
31-03-21,0.2,34,27,3.71,rain
01-04-21,0.7,35,27,18.9,rain
02-04-21,0,35,27,3.71,cloudy
03-04-21,0,34,29,1.48,cloudy
04-04-21,0,35.1,22,5.18,wind
05-04-21,0.7,34,25,1.84,rain
06-04-21,0.9,36.2,25,1.48,rain
07-04-21,0,35,24,2.59,sunny
08-04-21,0,33,28,2.95,cloudy
09-04-21,0,34,26,2.77,cloudy
10-04-21,0,34,27,1.48,cloudy
11-04-21,0,34,27,2.59,cloudy
12-04-21,0,36,27,1.84,cloudy
13-04-21,0,36,28,2.41,sunny
14-04-21,0,36,28,2.59,sunny
15-04-21,0,35,26.8,2.23,cloudy
16-04-21,0.6,35,27,2.23,rain
17-04-21,4.3,33,24,4.07,rain
18-04-21,7.2,35,27,2.05,rain
19-04-21,0,35,27,2.95,sunny
20-04-21,0,36,27,2.95,cloudy
21-04-21,0,35,26,4.64,cloudy
22-04-21,0.5,33,26,2.59,rain
23-04-21,0,34,27,2.59,cloudy
24-04-21,0,36,28,1.84,cloudy
25-04-21,0,36,28,1.84,sunny
26-04-21,0,37,27,2.41,sunny
27-04-21,0,37,29,2.77,sunny
28-04-21,0,36.1,30,1.84,cloudy
29-04-21,1.1,36,26,2.77,rain
30-04-21,2.3,37,28,1.84,rain
01-05-21,0.3,35,26,2.77,rain
02-05-21,1.1,33,26,2.23,rain
03-05-21,11,32,26,1.84,rain
04-05-21,22,33,27,4.64,rain
05-05-21,2.5,33,26,1.84,rain
06-05-21,1.9,33,25,1.84,rain
07-05-21,8.7,35,25.1,1.84,rain
08-05-21,6.6,34,27,1.84,rain
09-05-21,3.2,35,28,2.23,rain
10-05-21,7,34,26,3.71,rain
11-05-21,8.9,29,25,3.35,rain
12-05-21,7.9,32,25,1.48,rain
13-05-21,8.9,33,26,1.84,rain
14-05-21,7,34,25,1.84,rain
15-05-21,5.2,36,27,2.59,rain
16-05-21,16.5,35,26,1.84,rain
17-05-21,1.3,36,27,1.84,rain
18-05-21,1.4,35,28,2.95,rain
19-05-21,5.3,35,29,2.95,rain
20-05-21,2.9,36,28,2.95,rain
21-05-21,0.5,36,27,2.23,rain
22-05-21,0,36,27,2.23,cloudy
23-05-21,0.9,36,30,1.84,rain
24-05-21,9.1,37,28,2.95,rain
25-05-21,21.7,35,27,1.84,rain
26-05-21,14.8,30,26,2.59,rain
27-05-21,5,31,27,3.35,rain
28-05-21,2.5,33,28,2.41,rain
29-05-21,2.5,34,29,2.59,rain
30-05-21,2.9,34,27,1.84,rain
31-05-21,45.1,29,26,2.23,rain
01-06-21,24.1,31,25,1.84,rain
02-06-21,20.3,34,28,2.23,rain
03-06-21,13.8,34,28,3.6,rain
04-06-21,6.5,35,28,2.23,rain
05-06-21,13.9,30,26,2.77,rain
06-06-21,39,31,27,2.77,rain
07-06-21,39.2,33,27,2.95,rain
08-06-21,24.7,32,27,2.23,rain
09-06-21,10.8,33,28,2.23,rain
10-06-21,4.9,33,27,2.23,rain
11-06-21,18.2,33,26,3.71,rain
12-06-21,16.5,32,27,2.52,rain
13-06-21,4.5,33,27,2.52,rain
14-06-21,11.9,35,27,2.23,rain
15-06-21,42.3,32.4,26,2.23,rain
16-06-21,12.3,30,26,2.95,rain
17-06-21,28.8,30,27,3.64,rain
18-06-21,34.8,29,25.8,2.41,rain
19-06-21,43.8,28,26,2.23,rain
20-06-21,22.6,29,25,1.48,rain
21-06-21,45,30,26,1.84,rain
22-06-21,1.8,29,26,1.48,rain
23-06-21,11.3,32.1,26,2.23,rain
24-06-21,5.5,32,28,2.59,rain
25-06-21,8.8,32,27,2.23,rain
26-06-21,13.8,32,27,2.23,rain
27-06-21,4.3,33,28,2.59,rain
28-06-21,6.5,32,28,3.35,rain
29-06-21,12.1,31,26,2.59,rain
30-06-21,43.9,32,26,2.95,rain
01-07-21,59.9,29,25,2.23,rain
02-07-21,27.8,29,26,2.23,rain
03-07-21,16.2,31,26,2.95,rain
04-07-21,18.7,31,26,1.48,rain
05-07-21,4.3,33,26,2.23,rain
06-07-21,15.9,32,27,1.84,rain
07-07-21,21.9,29,27,2.23,rain
08-07-21,17,33,27,2.23,rain
09-07-21,3.2,34,27,1.48,rain
10-07-21,6,33,27,1.48,rain
11-07-21,4.7,33,27,1.84,rain
12-07-21,7.5,34,28,1.84,rain
13-07-21,6.1,34,28,2.23,rain
14-07-21,6.3,34,27.7,2.23,rain
15-07-21,3.6,35,27,1.84,rain
16-07-21,11.4,32.1,28,2.95,rain
17-07-21,10,32,28,1.84,rain
18-07-21,5.2,32,26,2.23,rain
19-07-21,30.7,30,28,1.84,rain
20-07-21,11.8,32,26,1.84,rain
21-07-21,6.9,32,28,1.12,rain
22-07-21,6.7,34,26,1.84,rain
23-07-21,17.7,31,28,3.35,rain
24-07-21,44,30,27,2.23,rain
25-07-21,7.4,35,26,1.84,rain
26-07-21,5.5,33,28,1.84,rain
27-07-21,33.4,33,27,1.84,rain
28-07-21,42.3,32,27,3.71,rain
29-07-21,37.5,29,26,2.77,rain
30-07-21,25.2,30,26,3.02,rain
31-07-21,16.7,30,27,1.84,rain
01-08-21,30.7,31,28,1.84,rain
02-08-21,7.8,31,27,2.23,rain
03-08-21,11.2,34,28,1.84,rain
04-08-21,8.8,34,26,1.48,rain
05-08-21,10.8,34,28,2.95,rain
06-08-21,33,33,27,2.59,rain
07-08-21,44.4,32,27,1.84,rain
08-08-21,13.4,33,28,2.23,rain
09-08-21,15.7,31,27,2.77,rain
10-08-21,13.8,32,28,2.23,rain
11-08-21,7.9,32,28,1.84,rain
12-08-21,19,35,28,2.23,rain
13-08-21,38.1,32,27,2.23,rain
14-08-21,19.7,33,27,2.23,rain
15-08-21,28.5,32,28,1.84,rain
16-08-21,12.2,32,28,1.84,rain
17-08-21,23.4,31,27,2.23,rain
18-08-21,24,31,27,2.95,rain
19-08-21,20.8,31,27,3.35,rain
20-08-21,7.9,31,27,1.84,rain
21-08-21,1.7,32,28,2.95,rain
22-08-21,4.8,35,28,2.77,rain
23-08-21,4.6,34,26,2.23,rain
24-08-21,8.8,34,26,2.23,rain
25-08-21,21.4,32,27,2.23,rain
26-08-21,3.6,31,26,2.95,rain
27-08-21,23.4,32,28,1.84,rain
28-08-21,3.5,34,28,2.23,rain
29-08-21,3.2,31,28,1.84,rain
30-08-21,8.9,32,27,1.84,rain
31-08-21,5.4,32,28,1.48,rain
01-09-21,3,31,28,1.12,rain
02-09-21,16.2,34,28,1.84,rain
03-09-21,2.9,34,28,1.84,rain
04-09-21,3.8,32,28,1.84,rain
05-09-21,20,33,29,1.48,rain
06-09-21,11.2,35,27,2.23,rain
07-09-21,11.1,32,28,2.77,rain
08-09-21,4.4,33,27,2.23,rain
09-09-21,3,33,28,1.12,rain
10-09-21,3.3,34,28,1.84,rain
11-09-21,7.1,35,28,2.23,rain
12-09-21,2.1,36,28,2.23,rain
13-09-21,4.4,34,28,2.77,rain
14-09-21,13.8,31,27,2.23,rain
15-09-21,9,34,28,1.84,rain
16-09-21,6.4,33,28,2.23,rain
17-09-21,10.4,32,28,2.23,rain
18-09-21,27.7,34,27,1.84,rain
19-09-21,40.4,31,27,1.48,rain
20-09-21,21.3,32,27,1.48,rain
21-09-21,2.2,32,27,1.84,rain
22-09-21,7.4,33,27,1.84,rain
23-09-21,2,33,27,1.84,rain
24-09-21,0.6,34,27,1.3,rain
25-09-21,20.5,33,28,2.23,rain
26-09-21,10.8,36,28,1.84,rain
27-09-21,11.1,34,28,1.84,rain
28-09-21,18.2,33,26,2.23,rain
29-09-21,12.8,30,27,1.84,rain
30-09-21,7.6,33,28,1.48,rain
01-10-21,0.6,34,28,1.48,rain
02-10-21,0.8,34,28,1.84,rain
03-10-21,2.1,33,27,3.35,rain
04-10-21,4.9,33,26,2.77,rain
05-10-21,10.1,32,27,2.23,rain
06-10-21,5.3,31,28,1.48,rain
07-10-21,3.1,34,26,1.48,rain
08-10-21,3.6,33,27,1.12,rain
09-10-21,2.8,33,27,1.84,rain
10-10-21,2.5,34,28,1.84,rain
11-10-21,0,35,28,1.84,cloudy
12-10-21,6.4,35,28,1.48,rain
13-10-21,19,34,27,1.84,rain
14-10-21,6.3,35,28,1.84,rain
15-10-21,5.3,35,28,1.3,rain
16-10-21,10,35,27,2.23,rain
17-10-21,18.7,34,27,2.59,rain
18-10-21,54.9,32,27,2.77,rain
19-10-21,34.5,29,25,2.23,rain
20-10-21,26,32,26,2.95,rain
21-10-21,8.2,32,26,2.23,rain
22-10-21,4,32,26,1.3,rain
23-10-21,0.3,32,26,1.12,rain
24-10-21,0.2,32,25,0.94,rain
25-10-21,0.2,31,26,0.94,rain
26-10-21,0,34,24,1.12,cloudy
27-10-21,1.6,33,26,1.3,rain
28-10-21,0.8,32,26,1.12,rain
29-10-21,0,33,25,1.3,sunny
30-10-21,0,32,25,1.84,sunny
31-10-21,0,33,24,2.23,sunny
01-11-21,0,32,23,1.84,sunny
02-11-21,0,31,24,1.12,cloudy
03-11-21,0,31,23,1.84,cloudy
04-11-21,0,32.1,24,1.48,cloudy
05-11-21,0,32,22,1.66,sunny
06-11-21,0,31,22,1.84,sunny
07-11-21,0,31,23,1.12,sunny
08-11-21,0,29,21,0.94,sunny
09-11-21,0,30,22,0.94,sunny
10-11-21,0,31,22,1.12,sunny
11-11-21,0,31,23,1.3,sunny
12-11-21,0,29,25,1.12,cloudy
13-11-21,0.6,27,24,1.84,rain
14-11-21,4.4,26,22,0.94,rain
15-11-21,8.1,25,23,1.12,rain
16-11-21,4.2,32,21,1.48,rain
17-11-21,1,31,22,0.94,rain
18-11-21,0,30,20,1.48,sunny
19-11-21,0,30,21,1.12,sunny
20-11-21,0,30,22,1.48,sunny
21-11-21,0,30,19.1,1.84,cloudy
22-11-21,0,30,22,1.3,sunny
23-11-21,0,30,20,1.12,sunny
24-11-21,0,30,23,1.15,sunny
25-11-21,0,30,21,0.94,sunny
26-11-21,0,30,21,0.94,sunny
27-11-21,0,29,21,0.76,sunny
28-11-21,0,29,17,1.48,sunny
29-11-21,0,29.1,16.5,1.12,sunny
30-11-21,0,30,19,0.94,sunny
01-12-21,0,31,18.7,1.12,sunny
02-12-21,0,30,21,1.12,sunny
03-12-21,0.1,29,19,0.76,rain
04-12-21,3.2,27,21,0.94,rain
05-12-21,30.4,24,22,0.54,rain
06-12-21,39.4,23,20,2.23,rain
07-12-21,35.4,26,21,1.3,rain
08-12-21,4.4,29,18,1.12,rain
09-12-21,2,29,20,1.84,rain
10-12-21,1.3,28,22,1.84,rain
11-12-21,1.6,28,19,1.48,rain
12-12-21,0,27,21,1.48,sunny
13-12-21,0,26,17,0.94,sunny
14-12-21,0,26,17,1.12,sunny
15-12-21,0,26,17,1.84,sunny
16-12-21,0,29,17,1.12,sunny
17-12-21,0,28,19,1.3,sunny
18-12-21,0,27,17,1.48,sunny
19-12-21,0,27,18,1.84,sunny
20-12-21,0,24,14,1.84,sunny
21-12-21,0,25,15,1.84,cloudy
22-12-21,0,24,18,1.48,cloudy
23-12-21,0,24,16,1.12,cloudy
24-12-21,0,26,17,0.94,sunny
25-12-21,0,26,17,0.54,cloudy
26-12-21,0,27,17,0.54,sunny
27-12-21,0,26,18,0.76,cloudy
28-12-21,0,26,16,0.94,sunny
29-12-21,0,25,18,0.94,cloudy
30-12-21,0,26,18,1.48,cloudy
31-12-21,0,27,17,1.84,sunny
01-01-22,0,26,16,1.84,sunny
02-01-22,0,23,15,1.84,sunny
03-01-22,0,26,16,1.48,sunny
04-01-22,0,25,16,1.48,sunny
05-01-22,0,25,14,1.48,sunny
06-01-22,0,25,15,1.48,cloudy
07-01-22,0,29,18,1.3,sunny
08-01-22,0,28,18,1.12,sunny
09-01-22,0,27.1,17,1.12,sunny
10-01-22,0,28,18,1.84,cloudy
11-01-22,0.1,27,19,1.84,rain
12-01-22,0.2,24,20,2.23,rain
13-01-22,0.2,27,19,1.48,rain
14-01-22,0.7,23,18,1.12,rain
15-01-22,0.1,25,18,1.12,rain
16-01-22,0,25,17,1.84,sunny
17-01-22,0,25,16,1.48,sunny
18-01-22,0,26,16,1.12,cloudy
19-01-22,0,26,17,1.48,sunny
20-01-22,0,25,15,1.84,cloudy
21-01-22,0,24,16,1.3,cloudy
22-01-22,0,24,16,0.94,cloudy
23-01-22,0,25,17,0.94,cloudy
24-01-22,0.9,25.1,18,1.12,rain
25-01-22,0.7,24,17,0.76,rain
26-01-22,0.9,24,17,1.84,rain
27-01-22,2.8,24,17,1.84,rain
28-01-22,1.5,24,15,1.84,rain
29-01-22,0,22,12,1.84,sunny
30-01-22,0,24,13,1.84,sunny
31-01-22,0,25,15,1.48,sunny
01-02-22,0.1,25,14,1.84,rain
02-02-22,0,27,16,1.84,sunny
03-02-22,0,26,17,1.48,cloudy
04-02-22,5,25,17,3.35,rain
05-02-22,5.7,25,16,2.59,rain
06-02-22,9.4,22,15,1.48,rain
07-02-22,0,24,15,1.84,cloudy
08-02-22,0,24,15,1.12,sunny
09-02-22,0,25,16,0.94,sunny
10-02-22,0,21,16,1.12,cloudy
11-02-22,0,25,17,1.3,cloudy
12-02-22,0,25,15,1.66,sunny
13-02-22,0,26,17,1.84,sunny
14-02-22,0,28,16,1.84,sunny
15-02-22,0,28,17,1.12,sunny
16-02-22,0,27,17,1.84,sunny
17-02-22,0,28,16,1.48,sunny
18-02-22,0,29,18,1.48,sunny
19-02-22,0,29,17,2.77,sunny
20-02-22,0.8,27,18,2.41,rain
21-02-22,0.5,28.1,17,2.23,rain
22-02-22,0.2,27,17,2.23,rain
23-02-22,0,29,19,1.84,cloudy
24-02-22,0,31,19,1.84,cloudy
25-02-22,1.2,30,21,2.59,rain
26-02-22,0,31,22,1.3,cloudy
27-02-22,0,31,21,1.84,cloudy
28-02-22,0.2,32,21,1.84,rain
01-03-22,0,32,22,1.84,sunny
02-03-22,0,32,22,2.77,sunny
03-03-22,0,30,22,1.84,sunny
04-03-22,0,31,21,1.84,sunny
05-03-22,0,31,23,1.84,sunny
06-03-22,0,34,22,2.23,sunny
07-03-22,0,34,22,1.48,sunny
08-03-22,0,33,22,1.84,sunny
09-03-22,0,33,23,1.84,sunny
10-03-22,0,36,22,2.23,sunny
11-03-22,0,36,22,2.23,sunny
12-03-22,0,35,23,2.23,sunny
13-03-22,0,34,23,1.84,sunny
14-03-22,0,34,23,1.84,sunny
15-03-22,0,36,24,1.84,sunny
16-03-22,0,35,24,1.48,sunny
17-03-22,0,36,24,1.12,sunny
18-03-22,0,36,24,1.48,sunny
19-03-22,0,35,24,1.48,sunny
20-03-22,0,35,26,1.84,sunny
21-03-22,0,35,25,1.48,sunny
22-03-22,0,35,26,1.84,sunny
23-03-22,0,36,25,1.84,sunny
24-03-22,0.2,36,26,2.95,rain
25-03-22,0.1,34,28,3.35,rain
26-03-22,0.2,33,27,3.71,rain
27-03-22,2.7,33,27,3.71,rain
28-03-22,0.5,35,25,1.84,rain
29-03-22,1,34,25,2.23,rain
30-03-22,4.2,36,25,2.23,rain
31-03-22,2.6,35,25,2.77,rain
01-04-22,2.9,34,26,2.95,rain
02-04-22,0.6,35,26.5,2.23,rain
03-04-22,4.7,34,27,3.71,rain
04-04-22,0.2,35,28,4.07,rain
05-04-22,0,35,27,3.17,cloudy
06-04-22,0.1,34,28,3.71,rain
07-04-22,0,35,27.7,2.23,cloudy
08-04-22,0,35,27,2.41,cloudy
09-04-22,0,35,27.4,2.23,cloudy
10-04-22,0.1,33.4,27.4,2.59,rain
11-04-22,3.3,34,28,3.71,rain
12-04-22,0.2,33.4,27.1,2.23,rain
13-04-22,0,34,28,2.77,cloudy
14-04-22,1.3,36,27.4,2.77,rain
15-04-22,0.2,36,27,2.95,rain
16-04-22,30.4,35,28,2.77,rain
17-04-22,16.6,34,28,2.77,rain
18-04-22,1.5,35,28,2.77,rain
19-04-22,3.9,36,29,2.59,rain
20-04-22,7.2,30,22,3.35,rain
21-04-22,3,31,23,1.84,rain
22-04-22,6.2,33,25,3.71,rain
23-04-22,0.1,35,23,2.23,rain
24-04-22,0,35,27,2.77,cloudy
25-04-22,0,36,28,2.59,cloudy
26-04-22,0,36.1,28,2.77,cloudy
27-04-22,0,36.1,27,2.23,cloudy
28-04-22,0,36,28,1.84,cloudy
29-04-22,0.1,36,30,2.41,rain
30-04-22,21.8,36,26,2.77,rain
01-05-22,3.8,35,27,2.23,rain
02-05-22,7.1,33,26,4.64,rain
03-05-22,25.8,30,26,3.71,rain
04-05-22,9.9,31,25,2.23,rain
05-05-22,9,33,26,1.84,rain
06-05-22,8.2,31,26,2.77,rain
07-05-22,4.5,34,24,1.12,rain
08-05-22,0.2,35,27,2.23,rain
09-05-22,1.8,31,28,2.23,rain
10-05-22,28.7,30,27,2.23,rain
11-05-22,11.5,30,26,2.77,rain
12-05-22,10.4,32,26,2.77,rain
13-05-22,9.6,33,27,2.95,rain
14-05-22,0.4,33,28,2.95,rain
15-05-22,0.7,35,28,2.77,rain
16-05-22,2.9,35,28,2.77,rain
17-05-22,0.3,35,29,2.95,rain
18-05-22,20.5,36,28,14.83,rain
19-05-22,9.7,36,29,3.71,rain
20-05-22,3.8,33,27,2.23,rain
21-05-22,6.5,31,26,2.23,rain
22-05-22,4.8,33,26,2.05,rain
23-05-22,3.2,34,28,1.84,rain
24-05-22,0.7,34,28,1.84,rain
25-05-22,5.7,33,27,3.35,rain
26-05-22,3.3,35,25,2.23,rain
27-05-22,2.7,34,27,1.84,rain
28-05-22,0.8,34,27,2.23,rain
29-05-22,6.6,34,28,1.84,rain
30-05-22,4.3,32,26,2.41,rain
31-05-22,11,34,27,2.23,rain
01-06-22,6.6,32,28,2.23,rain
02-06-22,2,33,28,2.23,rain
03-06-22,5.5,32,26,2.77,rain
04-06-22,54.5,31,28,2.23,rain
05-06-22,3.9,34,27,2.95,rain
06-06-22,2.9,34,29,2.23,rain
07-06-22,5.8,34,28,2.59,rain
08-06-22,1,34,29,2.23,rain
09-06-22,10.6,33,25,3.53,rain
10-06-22,25.5,33,26,2.77,rain
11-06-22,1.4,33,29,2.77,rain
12-06-22,0.1,34.1,29,2.77,rain
13-06-22,2.1,34,30,2.77,rain
14-06-22,9.5,34,28,2.77,rain
15-06-22,13.7,33,27,2.77,rain
16-06-22,36.3,32,28,2.77,rain
17-06-22,43.5,29,24,3.35,rain
18-06-22,39,29,24,3.53,rain
19-06-22,11.2,32,27,2.41,rain
20-06-22,10.9,32,27,2.59,rain
21-06-22,1.9,30,27,2.23,rain
22-06-22,6.3,32,27,1.84,rain
23-06-22,9.1,32,28,2.23,rain
24-06-22,2,35,28,2.23,rain
25-06-22,4.5,34,27,2.23,rain
26-06-22,3.5,33,28,2.77,rain
27-06-22,3.6,34,29,2.59,rain
28-06-22,6.6,33,29,2.59,rain
29-06-22,18.7,33,28,2.23,rain
30-06-22,3.6,29,27,1.84,rain
01-07-22,10.4,32.1,28,1.84,rain
02-07-22,1.3,34.1,28,2.23,rain
03-07-22,1.1,34.1,28,2.41,rain
04-07-22,0.7,34,28.1,1.84,rain
05-07-22,1.5,34,28,1.84,rain
06-07-22,0.9,33,26,2.05,rain
07-07-22,2.8,33,28,1.84,rain
08-07-22,3.5,33,28.8,1.84,rain
09-07-22,0,35.1,28,1.84,cloudy
10-07-22,0,34,28,1.95,cloudy
11-07-22,0.3,34,28.7,2.95,rain
12-07-22,0,35,28,2.23,cloudy
13-07-22,0.1,35,28.1,1.84,rain
14-07-22,0.3,35,29,2.23,rain
15-07-22,0.5,34,28.8,1.84,rain
16-07-22,0,34,29,2.23,cloudy
17-07-22,1.2,34.4,28.8,2.23,rain
18-07-22,3.6,34,29,2.23,rain
19-07-22,10.8,33,28.4,2.77,rain
20-07-22,12.2,30.8,28,2.04,rain
21-07-22,7.1,33,28,1.65,rain
22-07-22,2.3,34.8,28,1.62,rain
23-07-22,1.1,34,29,2.58,rain
24-07-22,8.2,31,27,2.25,rain
25-07-22,7.4,31,27,1.84,rain
26-07-22,6,31,27,1.65,rain
27-07-22,1.3,33,28,1.48,rain
28-07-22,5.4,34,28,1.84,rain
29-07-22,7.6,34,28,1.32,rain
30-07-22,2.7,33,28,1.31,rain
31-07-22,1,32,28,2.04,rain
01-08-22,12.3,32.5,27.5,2.5,rain
02-08-22,12.2,31,27.5,1.38,rain
03-08-22,7.3,34,28,1.66,rain
04-08-22,2.3,31.5,27,1.74,rain
05-08-22,4.3,34.5,29,1.48,rain
06-08-22,13.3,34,27,1.36,rain
07-08-22,2,35,28,1.48,rain
08-08-22,6.1,34,28,2.23,rain
09-08-22,1.5,33.4,27,2.82,rain
10-08-22,2.8,31,27,2.49,rain
11-08-22,2.5,33,27.4,2.63,rain
12-08-22,1.1,34,27,1.49,rain
13-08-22,3.4,33.5,27,2.02,rain
14-08-22,4,29,27,2.87,rain
15-08-22,2.2,34,27,2.04,rain
16-08-22,1,34,27.8,1.56,rain
17-08-22,0.4,32.5,29,11.84,rain
18-08-22,7.8,35.8,29,2.42,rain
19-08-22,4.1,33.1,26.7,3.22,rain
20-08-22,0.3,33.1,27,2.56,rain
21-08-22,0.2,34,28,1.49,rain
22-08-22,1.6,34.2,29.1,1.55,rain
23-08-22,22.5,35,26.8,1.84,rain
24-08-22,0.2,33,27.1,6.21,rain
25-08-22,0.2,32,26.8,1.12,rain
26-08-22,0.5,34.5,28,2.02,rain
27-08-22,2.6,33.1,29.4,2.04,rain
28-08-22,9.1,32.1,28,2.04,rain
29-08-22,3.2,34,27,10.39,rain
30-08-22,3.2,35.4,28.7,2.02,rain
31-08-22,2.2,34.4,28,1.84,rain
01-09-22,3.2,35,29,2.42,rain
02-09-22,10.7,34,26,2.01,rain
03-09-22,7.1,32,25,2.77,rain
04-09-22,10.1,31,26.4,2.02,rain
05-09-22,5.7,33.7,27,1.48,rain
06-09-22,17.9,29,27.7,1.4,rain
07-09-22,0.2,34.7,27.7,1.38,rain
08-09-22,4.6,34.4,27,1.98,rain
09-09-22,7,35,27.1,2.55,rain
10-09-22,4.5,33.5,28,2.11,rain
11-09-22,12,33,28,2.32,rain
12-09-22,62.5,30,26,2.28,rain
13-09-22,81.3,28,25.8,1.84,rain
14-09-22,17.9,28,25.8,1.56,rain
15-09-22,8.3,32,26,1.84,rain
16-09-22,10.7,33,28.1,1.84,rain
17-09-22,5,33.1,28,1.74,rain
18-09-22,2.9,31,27,1.41,rain
19-09-22,19.6,33,27,1.49,rain
20-09-22,0.4,33,27,2.77,rain
21-09-22,2.9,34.1,28,1.84,rain
22-09-22,3,34,27.9,1.84,rain
23-09-22,1.1,33.1,28,2.04,rain
24-09-22,14.9,32.3,28,1.2,rain
25-09-22,6.6,32,27,1.48,rain
26-09-22,10.3,33,27.1,1.65,rain
27-09-22,11.5,33,27.7,1.29,rain
28-09-22,7.7,32,27,1.03,rain
29-09-22,0.7,32.1,28,2.04,rain
30-09-22,0,34.8,27.4,1.56,cloudy
01-10-22,3.8,33.7,29,0.84,rain
02-10-22,27.1,31,25,2.77,rain
03-10-22,16.5,30,26,2.04,rain
04-10-22,7.7,33,26,1.74,rain
05-10-22,6.5,33,26.3,1.31,rain
06-10-22,0.7,34,27,2.2,rain
07-10-22,0.4,33,26.8,0.76,rain
08-10-22,1.1,34,26.7,1.2,rain
09-10-22,1.4,32.5,28,1.38,rain
10-10-22,7,34,27.8,1.84,rain
11-10-22,16.7,34,27.7,2.04,rain
12-10-22,14.8,30,27,1.48,rain
13-10-22,4.3,32,25.8,1.22,rain
14-10-22,8.9,33,25.9,1.29,rain
15-10-22,0.1,33,26.7,1.49,rain
16-10-22,0,34,27,1.84,sunny
17-10-22,0,34,27,1.49,sunny
18-10-22,0,32.5,27,1.41,cloudy
19-10-22,0.8,33,26.7,1.29,rain
20-10-22,0,33,26.4,1.67,cloudy
21-10-22,0,33.1,28,1.84,sunny
22-10-22,0,34.1,27,1.48,cloudy
23-10-22,0.4,29.5,27,1.31,rain
24-10-22,156,27.7,21.4,4.41,rain
25-10-22,2.9,29,20.8,4.64,rain
26-10-22,0,32,23.2,1.19,cloudy
27-10-22,0,32,24.6,1.11,cloudy
28-10-22,0,30.4,22.7,1.67,sunny
29-10-22,0,30.8,22.4,1.16,sunny
30-10-22,0,31,22.4,1.02,sunny
31-10-22,0,32.1,23.9,0.65,sunny
01-11-22,0,32.1,25.1,1.29,sunny
02-11-22,0,32,25.1,1.95,sunny
03-11-22,0,29.5,24.7,1.4,cloudy
04-11-22,0,30.4,21.7,1.1,cloudy
05-11-22,0,31.1,22.5,0.65,sunny
06-11-22,0,31,24,1.2,sunny
07-11-22,0,31.4,21.5,1.22,sunny
08-11-22,0,30.2,22,1.67,cloudy
09-11-22,0,31,23.5,1.2,cloudy
10-11-22,0,30.7,23.2,1.29,cloudy
11-11-22,0,31,21.8,0.84,sunny
12-11-22,0,29.4,21.7,1.67,sunny
13-11-22,0,28.8,22.7,1.67,sunny
14-11-22,0,31,21,1.02,sunny
15-11-22,0,30.5,20.4,1.03,sunny
16-11-22,0,30,21,0.78,sunny
17-11-22,0,30,20.4,1.12,sunny
18-11-22,0,29.4,20.9,0.84,sunny
19-11-22,0,29,20.4,1.02,cloudy
20-11-22,0,31.1,20,1.03,cloudy
21-11-22,0,30,21.9,1.39,cloudy
22-11-22,0,28.5,21,1.87,sunny
23-11-22,0,29.1,20.6,1.74,sunny
24-11-22,0,28.7,20,1.49,sunny
25-11-22,0,30,19.8,0.67,sunny
26-11-22,0,30.2,19.2,1.31,sunny
27-11-22,0,29.8,19.9,0.93,sunny
28-11-22,0,29.7,19.1,0.76,sunny
29-11-22,0,28.8,22.5,1.03,cloudy
30-11-22,0,31,22.4,1.12,cloudy
01-12-22,0,30,20,1.38,sunny
02-12-22,0,29.3,20.7,1.38,sunny
03-12-22,0,28.1,20.5,1.48,sunny
04-12-22,0,28.7,19.2,1.12,sunny
05-12-22,0,28.4,19,0.84,sunny
06-12-22,0,28,19,1.48,sunny
07-12-22,0,27.7,19.4,1.66,sunny
08-12-22,0,28,19.3,1.19,cloudy
09-12-22,0,28,18.1,1.2,sunny
10-12-22,0,28,17.9,0.93,cloudy
11-12-22,0,29,19,1.38,sunny
12-12-22,0,27.2,18.5,1.29,sunny
13-12-22,0,27,17.4,0.85,sunny
14-12-22,0,27.1,17.4,0.49,sunny
15-12-22,0,27,18.2,1.48,cloudy
16-12-22,0,25.9,18,1.31,sunny
17-12-22,0,26.4,18.3,0.85,sunny
18-12-22,0,26.8,17,1.21,sunny
19-12-22,0,27,15.7,1.03,sunny
20-12-22,0,28,17.8,0.95,sunny
21-12-22,0,27.4,17,1.29,sunny
22-12-22,0,26.1,19,1.21,sunny
23-12-22,0,27,18,1.48,sunny
24-12-22,0,26,15.6,1.12,sunny
25-12-22,0,28,16,0.28,sunny
26-12-22,0,28.1,17.7,1.84,sunny
27-12-22,0.7,25,19.2,1.1,rain
28-12-22,0,25,18.4,1.02,cloudy
29-12-22,0,25,16.1,1.2,cloudy
30-12-22,0,24,15.4,0.95,cloudy
31-12-22,0,23,14.3,0.64,cloudy
01-01-23,0,23.4,14.8,1.48,cloudy
02-01-23,0,25.4,14.9,1.12,sunny
03-01-23,0,24,15.1,1.72,cloudy
04-01-23,0,19,15.1,1.84,cloudy
05-01-23,0,20,13.1,1.3,cloudy
06-01-23,0,20,12.9,1.48,cloudy
07-01-23,0,22,12.1,1.3,cloudy
08-01-23,0,22,12,0.76,fog
09-01-23,0,27.3,14,1.12,sunny
10-01-23,0,29,16,1.48,sunny
11-01-23,0,26,15.7,1.48,sunny
12-01-23,0,24.1,13.1,1.48,cloudy
13-01-23,0,24.2,13,0.76,sunny
14-01-23,0,25,15.1,0.94,cloudy
15-01-23,0,27,17,1.12,cloudy
16-01-23,0,26,17,1.66,cloudy
17-01-23,0,24,15.7,1.66,sunny
18-01-23,0,25,14.1,1.12,sunny
19-01-23,0,25,13,1.56,sunny
20-01-23,0,25,13.7,1.12,sunny
21-01-23,0,26.1,14.1,2.95,sunny
22-01-23,0,26.8,14.8,0.76,sunny
23-01-23,0,26.7,15.6,0.76,sunny
24-01-23,0,28.1,17.1,0.94,sunny
25-01-23,0,27.7,17.4,0.94,sunny
26-01-23,0,28.1,17,0.76,sunny
27-01-23,0,28,19.4,1.48,sunny
28-01-23,0,28,18,1.3,sunny
29-01-23,0,26.1,17.8,1.48,sunny
30-01-23,0,29,16.3,0.94,sunny
31-01-23,0,28,17.8,1.48,cloudy
01-02-23,0,26,21,1.84,cloudy
02-02-23,0,26,17,2.05,sunny
03-02-23,0,28,17,1.84,sunny
04-02-23,0,28,17,1.48,sunny
05-02-23,0,27.1,15.8,1.84,sunny
06-02-23,0,28,16.8,2.41,sunny
07-02-23,0,28,16,2.41,sunny
08-02-23,0,28.1,18,1.66,cloudy
09-02-23,0,28,19,1.12,cloudy
10-02-23,0,28.8,18,2.41,sunny
11-02-23,0,28,17.7,1.84,sunny
12-02-23,0,30,20,1.84,cloudy
13-02-23,0,29,19,2.23,sunny
14-02-23,0,28,15.4,1.84,sunny
15-02-23,0,27,18,1.84,sunny
16-02-23,0,27,17.1,1.48,sunny
17-02-23,0,29,16.7,0.94,sunny
18-02-23,0,30,18.4,1.3,sunny
19-02-23,0,30,20.1,1.48,cloudy
20-02-23,0,30,20,0.94,cloudy
21-02-23,0,29.4,22,1.84,cloudy
22-02-23,0,32,23,2.77,cloudy
23-02-23,0,32,23,2.77,cloudy
24-02-23,0,31.4,23,1.48,cloudy
25-02-23,0,32,22,1.48,cloudy
26-02-23,0,31,20,1.84,sunny
27-02-23,0,32.4,20.8,1.84,sunny
28-02-23,0,33,21,2.23,sunny
01-03-23,0,33,20.4,1.48,sunny
02-03-23,0,33.4,21,1.48,sunny
03-03-23,0,33,23,2.23,sunny
04-03-23,0,33.4,21.4,1.12,sunny
05-03-23,0,33.4,21.7,1.48,sunny
06-03-23,0,33,22,1.84,sunny
07-03-23,0,34,22,2.23,sunny
08-03-23,0,33,22.9,1.84,sunny
09-03-23,0,33,23.7,1.84,cloudy
10-03-23,0,32,23,1.48,cloudy
11-03-23,0,33.4,22.4,1.48,cloudy
12-03-23,0,34,24,1.79,sunny
13-03-23,0,34.4,24.1,2.59,sunny
14-03-23,0,34,22.7,2.23,cloudy
15-03-23,0.1,31,24.3,2.41,rain
16-03-23,3.2,32,24,1.48,rain
17-03-23,1.4,29,23,1.84,rain
18-03-23,0.1,31.1,22.4,1.12,rain
19-03-23,11.2,26,22.4,1.84,rain
20-03-23,6.5,29,22,1.84,rain
21-03-23,4.3,30,22.7,1.84,rain
22-03-23,1.2,30.8,22,2.77,rain
23-03-23,1.1,32,23,2.23,rain
24-03-23,0.3,32,21.7,2.23,rain
25-03-23,0.1,31,22.8,1.48,rain
26-03-23,2.7,33.1,23,1.84,rain
27-03-23,0.7,32.4,23.4,2.23,rain
28-03-23,8.1,33.1,24,1.48,rain
29-03-23,2.6,30,24.9,2.23,rain
30-03-23,2.2,32.2,22.4,1.84,rain
31-03-23,20.7,30.7,20.4,2.77,rain
01-04-23,1.2,27.4,21.6,2.95,rain
02-04-23,1,30.6,22.7,2.23,rain
03-04-23,0.5,33.5,23,2.59,rain
04-04-23,0,34,24.4,2.23,cloudy
05-04-23,2.4,35,25.1,2.95,rain
06-04-23,1.7,35.3,26,3.71,rain
07-04-23,0,35.8,26.3,2.05,cloudy
08-04-23,0,36.6,24.3,1.48,sunny
09-04-23,0,37.4,24.5,1.84,sunny
10-04-23,0,37,25.1,1.84,sunny
11-04-23,0,37.9,25.2,1.66,sunny
12-04-23,0,38,24.7,1.66,sunny
13-04-23,0,38.9,26.2,2.23,sunny
14-04-23,0,39.4,26.5,1.84,sunny
15-04-23,0,40.3,27.5,1.48,cloudy
16-04-23,0,39.7,27.7,1.84,cloudy
17-04-23,0,38,28.9,2.59,sunny
18-04-23,0,38,28,2.23,cloudy
19-04-23,0,38,28,2.23,cloudy
20-04-23,0,38,28,2.59,cloudy
21-04-23,17.9,35.6,26,2.77,rain
22-04-23,0.6,35.4,23.8,1.84,rain
23-04-23,0.1,31,25,2.23,rain
24-04-23,0.6,33.9,22.4,1.84,rain
25-04-23,0,36.1,25.4,2.23,cloudy
26-04-23,0,37,25,1.12,cloudy
27-04-23,0.3,37,24,3.44,rain
28-04-23,0,35,23,1.84,cloudy
29-04-23,0.6,36.4,23.7,2.95,rain
30-04-23,0.9,36,24,1.84,rain
01-05-23,1.3,34,25.1,2.41,rain
02-05-23,0,35.2,24.8,2.23,cloudy
03-05-23,1.2,34,25.7,2.41,rain
04-05-23,2.9,32,25.4,2.05,rain
05-05-23,0.7,36,25,1.84,rain
06-05-23,1,35,26.7,1.48,rain
07-05-23,0,36.1,27,2.05,sunny
08-05-23,0,39,29,2.23,sunny
09-05-23,0,39,28,1.84,cloudy
10-05-23,0.5,37.2,28,2.23,rain
11-05-23,0,38,26,2.59,cloudy
12-05-23,0,36.7,26.7,0.54,cloudy
13-05-23,0.4,34.7,28,1.48,rain
14-05-23,0,31.7,27,2.23,cloudy
15-05-23,0,34.4,24.9,2.23,cloudy
16-05-23,9.2,33.7,24.4,7.42,rain
17-05-23,28.4,32,24.8,2.77,rain
18-05-23,5,32,21.8,1.84,rain
19-05-23,6.2,32.8,25.7,1.84,rain
20-05-23,4.8,34.1,26.4,2.23,rain
21-05-23,10.7,34.3,27,2.77,rain
22-05-23,0.6,35,23.8,1.84,rain
23-05-23,9.2,33.6,22.4,2.81,rain
24-05-23,0.3,32,23.4,1.66,rain
25-05-23,7.8,33.5,24.1,3.71,rain
26-05-23,1.8,34.2,24.7,2.59,rain
27-05-23,4.4,32.3,25.3,1.48,rain
28-05-23,0,34,24.1,1.12,cloudy
29-05-23,0,36,26.7,1.48,cloudy
30-05-23,0,37,27.7,1.48,cloudy
31-05-23,0,37.1,28,1.84,cloudy
01-06-23,0.1,37,29,2.23,rain
02-06-23,0,37.4,29,2.59,cloudy
03-06-23,1.4,37,29,1.84,rain
04-06-23,0.4,37.1,29.3,1.84,rain
05-06-23,0,38,28,1.48,cloudy
06-06-23,0,38,29,1.84,cloudy
07-06-23,0,37.2,30,1.84,cloudy
08-06-23,0.1,34,27.8,2.77,rain
09-06-23,3.9,32.1,25,2.59,rain
10-06-23,12.2,32,25.5,1.48,rain
11-06-23,2.5,32,26,1.84,rain
12-06-23,0.9,31,25.6,2.77,rain
13-06-23,4.1,34.2,25.8,2.77,rain
14-06-23,3.9,36.1,28,2.59,rain
15-06-23,29,34,27,3.35,rain
16-06-23,17.2,35,26.9,3.71,rain
17-06-23,23.8,35,25.4,3.35,rain
18-06-23,20.6,31,27.4,1.84,rain
19-06-23,68.6,33.3,27,2.05,rain
20-06-23,4.1,32.7,26.5,2.23,rain
21-06-23,20.2,32.8,27,2.23,rain
22-06-23,5.4,33,28,2.23,rain
23-06-23,6.2,34,27,1.96,rain
24-06-23,0.8,33.7,27,1.84,rain
25-06-23,2.6,33,27,2.33,rain
26-06-23,4.5,30.4,27.5,1.87,rain
27-06-23,20.2,28,26.9,2.04,rain
28-06-23,17.6,29,25.7,1.84,rain
29-06-23,17.9,28,26.4,2.52,rain
30-06-23,21.6,34,25.5,3.5,rain
01-07-23,11.2,29.9,25.4,2.09,rain
02-07-23,13.3,32.3,26,2.77,rain
03-07-23,5.8,34,28,1.87,rain
04-07-23,3.6,35.5,28,1.48,rain
05-07-23,13,33.9,28,1.48,rain
06-07-23,4.3,32,28,2.23,rain
07-07-23,10.1,32,27,2.51,rain
08-07-23,1.4,33.6,28,2.23,rain
09-07-23,6.4,34,28,1.84,rain
10-07-23,9.4,33.2,27,2.37,rain
11-07-23,2.5,32.4,25.6,2.69,rain
12-07-23,4.9,32.5,28,2.04,rain
13-07-23,3.4,34,28,2.04,rain
14-07-23,10.7,34,28,1.86,rain
15-07-23,2.1,32,27,2.04,rain
16-07-23,2.9,31.1,27,1.84,rain
17-07-23,9.2,34,27.8,1.94,rain
18-07-23,2,34.4,28,1.84,rain
19-07-23,0.1,36,29,2.04,rain
20-07-23,0.2,35,28,1.87,rain
21-07-23,14.6,35,29,1.84,rain
22-07-23,0.6,34,28.6,2.33,rain
23-07-23,1.2,35,29,1.66,rain
24-07-23,0.4,35.1,29,1.65,rain
25-07-23,0.9,35.7,28,2.02,rain
26-07-23,6.4,34,29,2.33,rain
27-07-23,3.7,32.4,27.7,1.58,rain
28-07-23,0.9,33.7,27,2.04,rain
29-07-23,0.4,34,28,1.84,rain
30-07-23,1.1,35.9,28,1.29,rain
31-07-23,7.1,36.2,28,2.01,rain
01-08-23,6.7,35.6,27.5,2.23,rain
02-08-23,3.6,30,27.4,2.33,rain
03-08-23,4.9,31.7,27.1,1.84,rain
04-08-23,14.3,30.6,26.3,2.76,rain
05-08-23,13.3,32.1,27.8,2.76,rain
06-08-23,27.3,30,27,1.95,rain
07-08-23,20.7,30,26,2.5,rain
08-08-23,8.6,30,26,2.04,rain
09-08-23,5.6,33.1,26.8,1.48,rain
10-08-23,10,31.9,27,2.33,rain
11-08-23,5,30,27,1.48,rain
12-08-23,20.8,32,27.5,2.04,rain
13-08-23,28.7,28.7,26.7,1.38,rain
14-08-23,14.8,30.4,26.4,1.29,rain
15-08-23,9.4,33.5,27,1.48,rain
16-08-23,3.5,31.1,27,0.93,rain
17-08-23,2.7,35.4,26.8,1.84,rain
18-08-23,0.1,35,28.4,2.33,rain
19-08-23,1.2,33.1,26.5,1.84,rain
20-08-23,0.3,34.4,28,1.84,rain
21-08-23,0.2,33.9,28,1.67,rain
22-08-23,13.1,31.1,28,2.23,rain
23-08-23,11.5,31.5,27,1.84,rain
24-08-23,17.2,31.5,28,1.84,rain
25-08-23,21,30.9,26.8,2.02,rain
26-08-23,6.3,31.6,26.7,2.04,rain
27-08-23,11.9,34.4,27.7,2.33,rain
28-08-23,1.7,34.8,28,1.31,rain
29-08-23,1.1,33.6,27.4,1.65,rain
30-08-23,0,35.6,27.7,1.48,cloudy
31-08-23,0.8,32.5,28,1.65,rain
01-09-23,1.5,34,28.4,1.67,rain
02-09-23,1.6,33.7,27.9,1.22,rain
03-09-23,5.1,34.3,25.8,1.13,rain
04-09-23,1.3,33.6,25.8,1.48,rain
05-09-23,1.3,35.1,28,1.19,rain
06-09-23,1.6,34.7,28,2.11,rain
07-09-23,4.1,34,28,1.84,rain
08-09-23,3.8,31.5,27,2.02,rain
09-09-23,2.5,32.4,27,1.38,rain
10-09-23,3.9,32.5,28,1.21,rain
11-09-23,9.3,33.5,27.9,1.13,rain
12-09-23,7.1,32.1,28,1.21,rain
13-09-23,4.2,34,27,1.67,rain
14-09-23,3.4,32.5,27,2.59,rain
15-09-23,3.8,34.1,27.8,2.02,rain
16-09-23,0.1,34.8,28,1.13,rain
17-09-23,3.7,35.1,26.8,1.67,rain
18-09-23,2.6,32.5,25.9,1.48,rain
19-09-23,20.2,31,26.3,2.04,rain
20-09-23,20.4,30.2,26.8,1.84,rain
21-09-23,5.1,31.1,26.3,2.33,rain
22-09-23,4.9,32.1,26.1,2.02,rain
23-09-23,2.8,30.6,27,2.23,rain
24-09-23,13,31.4,26.9,2.28,rain
25-09-23,12,33.7,27,1.31,rain
26-09-23,14.1,32.5,27,0.77,rain
27-09-23,0,33.1,27.7,0.95,cloudy
28-09-23,0,35.2,28.2,1.84,cloudy
29-09-23,9.1,34.4,28.5,1.65,rain
30-09-23,5.7,34,27,2.23,rain
01-10-23,2.2,34,27.7,1.95,rain
02-10-23,1.6,33,28,1.84,rain
03-10-23,5.8,30.5,26.8,2.23,rain
04-10-23,10.6,29.7,26,2.14,rain
05-10-23,22.3,28.5,26,3.07,rain
06-10-23,20.8,27.5,26,3.35,rain
07-10-23,10.3,32.4,27,1.22,rain
08-10-23,12,33.7,27,1.84,rain
09-10-23,6.6,33.6,27,2.04,rain
10-10-23,0,33,27.4,1.13,cloudy
11-10-23,1,35,27,1.67,rain
12-10-23,0.2,34.1,26.7,0.95,rain
13-10-23,0.2,34,25.7,1.65,rain
14-10-23,0,33.6,25.6,1.67,cloudy
15-10-23,0,32.1,27.2,0.93,cloudy
16-10-23,0.3,33,25.2,1.21,rain
17-10-23,0,33,25.4,0.44,cloudy
18-10-23,0,32.7,24.8,1.48,cloudy
19-10-23,0,32.4,25.3,1.29,cloudy
20-10-23,0,32.8,25.4,1.29,sunny
21-10-23,0,33.5,24.4,1.02,sunny
22-10-23,0,32,25,0.85,cloudy
23-10-23,2.2,30,24.2,1.12,rain
24-10-23,4,30,24.8,1.39,rain
25-10-23,1.2,32.1,25.7,1.03,rain
26-10-23,0.6,31.7,25.2,1.21,rain
27-10-23,0.1,32,24.5,1.29,rain
28-10-23,0,32.3,23.6,1.31,sunny
29-10-23,0,32,22.4,1.56,sunny
30-10-23,0,31.5,23.1,0.85,cloudy
31-10-23,0,33.1,23.4,0.75,sunny
01-11-23,0,33.5,25,1.13,sunny
02-11-23,0,33.4,25.4,1.57,sunny
03-11-23,0,33,25.1,1.13,sunny
04-11-23,0,32.1,25.1,1.13,cloudy
05-11-23,0,32,24.7,0.65,cloudy
06-11-23,0,32,22.6,1.48,sunny
07-11-23,0,32.3,22,1.67,cloudy
08-11-23,0,32,22.5,1.95,sunny
09-11-23,0,31,21.7,1.3,sunny
10-11-23,0,32,21.6,1.48,sunny
11-11-23,0,31,21.4,1.03,sunny
12-11-23,0,31,21.7,1.39,sunny
13-11-23,0,32,21.4,0.84,sunny
14-11-23,0,32,21.7,0.95,sunny
15-11-23,0.1,32,21.7,1.22,rain
16-11-23,1.6,28.5,24,1.2,rain
17-11-23,40.2,24.3,21.5,2.4,rain
18-11-23,0.4,28.7,20.9,1.29,rain
19-11-23,0.3,29.9,22.4,0.93,rain
20-11-23,0,31,22.4,0.49,cloudy
21-11-23,0,30,23,1.21,cloudy
22-11-23,0,29.3,22,1.31,cloudy
23-11-23,0,29,20.5,1.13,sunny
24-11-23,0,29.4,19.9,0.28,cloudy
25-11-23,0,29,19.6,0.49,sunny
26-11-23,0,30.2,19,0.54,sunny
27-11-23,0,31.1,20.7,1.12,cloudy
28-11-23,0,31.6,22.5,0.76,cloudy
29-11-23,0,29,21.3,0.73,cloudy
30-11-23,0,30,21.7,0.75,sunny
01-12-23,0,31,20.2,1.48,sunny
02-12-23,0,29.9,21.7,0.94,cloudy
03-12-23,0,30,21.2,1.04,cloudy
04-12-23,0,29.7,21.7,0.84,cloudy
05-12-23,0,27,23,1.48,cloudy
06-12-23,0.1,27,22.7,2.02,rain
07-12-23,29,23.5,19.9,1.48,rain
08-12-23,0.4,25,20,1.48,rain
09-12-23,0,28,20.4,1.48,cloudy
10-12-23,0,26,18.5,1.21,cloudy
11-12-23,0,24,17.2,1.31,cloudy
12-12-23,0,23.7,17.4,0.84,cloudy
13-12-23,0,26,17,1.21,cloudy
14-12-23,0,24.9,15.4,0.76,sunny
15-12-23,0,25.2,15.7,1.03,sunny
16-12-23,0,25.3,16.5,0.84,sunny
17-12-23,0,25.9,16.4,1.03,sunny
18-12-23,0,26.2,16.7,0.85,cloudy
19-12-23,0,26.1,17.2,1.49,cloudy
20-12-23,0,26.9,16,1.02,sunny
21-12-23,0,27.5,17,1.13,cloudy
22-12-23,0,27,17,0.94,cloudy
23-12-23,0,26,18,1.12,cloudy
24-12-23,0,26,17,0.68,sunny
25-12-23,0,27.4,18.8,0.83,sunny
26-12-23,0,27.7,19.8,0.68,sunny
27-12-23,0,28.5,20,0.9,sunny
28-12-23,0,28.9,20.2,1.04,cloudy
29-12-23,0,29,20.3,1.01,cloudy
30-12-23,0,28.8,20,0.76,cloudy
31-12-23,0,29,19.7,0.94,sunny
01-01-24,0,28.9,19.8,1.19,sunny
02-01-24,0,28.5,19.4,1.04,sunny
03-01-24,0,28.6,18.7,0.9,sunny
04-01-24,0,29,19.4,1.4,sunny
05-01-24,0,28.4,18.6,1.51,sunny
06-01-24,0,28.1,18.6,1.4,sunny
07-01-24,0,27.8,18.9,1.8,sunny
